# ************************************************************
# Sequel Pro SQL dump
# Version 4541
#
# http://www.sequelpro.com/
# https://github.com/sequelpro/sequelpro
#
# Host: 40.68.216.131 (MySQL 5.6.30-0ubuntu0.15.10.1)
# Database: HypeTIM_DB
# Generation Time: 2016-07-20 01:23:13 +0000
# ************************************************************


/*!40101 SET @OLD_CHARACTER_SET_CLIENT=@@CHARACTER_SET_CLIENT */;
/*!40101 SET @OLD_CHARACTER_SET_RESULTS=@@CHARACTER_SET_RESULTS */;
/*!40101 SET @OLD_COLLATION_CONNECTION=@@COLLATION_CONNECTION */;
/*!40101 SET NAMES utf8 */;
/*!40014 SET @OLD_FOREIGN_KEY_CHECKS=@@FOREIGN_KEY_CHECKS, FOREIGN_KEY_CHECKS=0 */;
/*!40101 SET @OLD_SQL_MODE=@@SQL_MODE, SQL_MODE='NO_AUTO_VALUE_ON_ZERO' */;
/*!40111 SET @OLD_SQL_NOTES=@@SQL_NOTES, SQL_NOTES=0 */;


# Dump of table assistanceservice
# ------------------------------------------------------------

DROP TABLE IF EXISTS `assistanceservice`;

CREATE TABLE `assistanceservice` (
  `ID` varchar(50) NOT NULL,
  `Name` varchar(50) DEFAULT NULL,
  `Description` text,
  `Category` varchar(50) DEFAULT NULL,
  `Image` text,
  `Abstract` text,
  `Highlights` varchar(50) DEFAULT NULL,
  `HowToRequireIt` text,
  `Benefits` text,
  PRIMARY KEY (`ID`)
) ENGINE=InnoDB DEFAULT CHARSET=utf8;

LOCK TABLES `assistanceservice` WRITE;
/*!40000 ALTER TABLE `assistanceservice` DISABLE KEYS */;

INSERT INTO `assistanceservice` (`ID`, `Name`, `Description`, `Category`, `Image`, `Abstract`, `Highlights`, `HowToRequireIt`, `Benefits`)
VALUES
	('1','Attivazione linea fissa','Il nostro personale tecnico ti contatterà quanto prima per concordare l’appuntamento per l’installazione dell’impianto telefonico.','1','http://hypetim.azurewebsites.net/images/assistance_services/landline.png\n','Richiedere l’attivazione di una linea telefonica di casa è molto semplice.','0','Richiederla online, chiamare il Servizio Clienti linea fissa 187, recarti presso un Negozio TIM.','Verrà installata una nuova rete telefonica domestica.'),
	('2','Tutto sulla tua SIM','Tutte le informazioni per gestire i codici di sicurezza PIN e PUK e per sapere cosa fare in caso di blocco della tua SIM.','2','http://hypetim.azurewebsites.net/images/assistance_services/sim.png\n\n','Tutto ciò che devi sapere per gestire al meglio la tua SIM.','1','Ogni TIM Card o SIM in abbonamento viene venduta accompagnata da due codici di sicurezza, il PIN e il PUK. Puoi trovare i codici PIN e PUK sul retro del supporto di plastica, che ti viene consegnato al momento dell’acquisto della tua SIM, sotto la striscia argentata. I codici PIN e PUK sono strettamente personali ed il Servizio Clienti 119 non potrà fornirteli in caso di perdita o dimenticanza.','Il PIN (Personal Identity Number) è un codice numerico di 4 cifre che ti consente, se regolarmente impostato, di proteggere il telefonino da utilizzi illeciti. Viene infatti richiesto dal telefonino al momento dell’accensione; il codice PIN è personalizzabile. Il PUK (Personal Unblocking Key) è un codice di sblocco fisso e non modificabile che serve per sbloccare la SIM a seguito dell\'errata digitazione del codice PIN per 3 volte di seguito.'),
	('3','Leggere la fattura ','La fattura della linea fissa è semplice e facile da leggere perché disegnata prendendo spunto dai suggerimenti dei clienti. La veste grafica, moderna e raffinata, utilizza un linguaggio sempre più chiaro per l’esposizione delle voci di spesa, facilitando la lettura di tutte le informazioni di cui hai bisogno e garantendo maggiore trasparenza nei contenuti e negli importi.','3','http://hypetim.azurewebsites.net/images/assistance_services/receipt.png\n','La fattura della linea fissa è semplice e facile da leggere','1','Accedendo o registrandoti alla sezione MyTIM Fisso, hai la possibilità di visualizzare da Web e da App (disponibile su App Store e Google play), le fatture emesse negli ultimi 12 mesi e scegliere di eliminare il cartaceo risparmiando i relativi costi. ','Visualizza le “tue fatture” accedendo all’Area Privata MY TIM Fisso o tramite App MY TIM Fisso'),
	('4','Acquistare TIM Reading','Sono accettate tutte le carte di credito del circuito VISA, MasterCard, American Express, comprese le prepagate e le Postepay.','5','http://hypetim.azurewebsites.net/images/assistance_services/book.png\n','Su TIMreading puoi acquistare eBook, quotidiani e magazine.','1','Potrai scegliere tra l\'abbonamento settimanale (7 giorni), mensile (30 giorni)o per 3 mesi (90 giorni), 6 mesi (180 giorni) e 12 mesi (365 giorni). Gli abbonamenti sono a rinnovo automatico, salvo disattivazione possibile in qualsiasi momento. Per la maggior parte delle testate disponibili, abbonandoti hai diritto ad un certo numero di copie arretrate, senza costi aggiuntivi: controlla il numero di arretrati inclusi nei \"Dettagli abbonamento\" presenti nella scheda di ogni magazine. ','Tutti i contenuti (eBook, quotidiani e Magazine) sono acquistabili da PC e Tablet accedendo al sito www.timreading.it e navigando nel catalogo'),
	('5','Configurazione Mail','iPhone configura in automatico la tua casella alice secondo il protocollo IMAPche permette di mantenere sincronizzata la tua mail con il server di posta; in questo modo anche l\'eliminazione dei tuoi messaggi dal server avviene solo quando effettui la cancellazione da iPhone. Ti consigliamo di mantenere questa impostazione.','4','http://hypetim.azurewebsites.net/images/assistance_services/email.png\n','Come configurare il client di posta su Iphone.','0','iPhone imposta di default il protocollo IMAP se non incontra anomalie durante la configurazione automatica del tuo account. Una soluzione per poter impostare il POP3 può essere quella di inserire intenzionalmente un parametro errato','Avrai la possibilità di inviare e ricevere mail direttamente dal tuo account di posta Alice.'),
	('6','Tariffa per navigare da Smartphone','Scopri le caratteristiche della tariffa base per la navigazione internet da telefonino, Tablet e PC, che si applica se non sono attive offerte specifiche per il traffico dati.','3','http://hypetim.azurewebsites.net/images/assistance_services/phone.png\n','Flat Day è la tariffa base per la navigare in Internet da Smartphone, PC e Tablet per un massimo di 500MB al giorno al costo di 4€ (IVA inclusa).','1','Se pensi di utilizzare il servizio di navigazione Internet, in alternativa alla Flat Day, ti consigliamo di attivare una delle offerte dati TIM scegliendo quella più corrispondente alle tue esigenze. Per maggiori informazioni sulle offerte disponibili clicca qui o recati in un Negozio TIM.','La tariffa base Flat Day interviene in assenza di un’offerta dati attiva sulla tua linea. In questa circostanza se effettui una connessione Internet scatta un gettone giornaliero di 4€ per 500MB di traffico dati da utilizzare nell’arco della stessa giornata (fino alle 23:59).'),
	('7','Tutti i modi di ricaricare','Con autenticazione: se sei registrato al sito puoi scegliere l\'importo da ricaricare, inserire i dati della tua carta di credito e la ricarica è subito effettuata! (Circuiti abilitati: American Express, Diners, Aura, Visa, Mastercard, PayPal). Senza autenticazione: ricarica il tuo telefonino senza bisogno di registrarti al sito. Usa la tua carta di credito personale e la ricarica è fatta! (Circuiti abilitati: Visa, Mastercard, American Express, Diners, carta Aura e PayPal).','2','http://hypetim.azurewebsites.net/images/assistance_services/credit.png\n','se sei registrato al sito puoi scegliere l\'importo da ricaricare, inserire i dati della tua carta di credito e la ricarica è subito effettuata! (Circuiti abilitati: American Express, Diners, Aura, Visa, Mastercard, PayPal).','0','TIM Automatica Pianifica le ricariche secondo le tue esigenze e liberati dal pensiero di ricaricare. Banco TIM Ricarica quando vuoi, semplicemente e direttamente dal tuo cellulare Passepartout Ricarica e acquista sul sito TIM quello che vuoi, con la tua carta di credito in sicurezza.','Avrai il credito necessario per utilizzare tutti i servizi Tim.');

/*!40000 ALTER TABLE `assistanceservice` ENABLE KEYS */;
UNLOCK TABLES;


# Dump of table assistanceservicecategory
# ------------------------------------------------------------

DROP TABLE IF EXISTS `assistanceservicecategory`;

CREATE TABLE `assistanceservicecategory` (
  `ID` varchar(50) DEFAULT NULL,
  `Name` varchar(50) DEFAULT NULL,
  `Image` varchar(100) DEFAULT NULL,
  `Description` varchar(50) DEFAULT NULL
) ENGINE=InnoDB DEFAULT CHARSET=utf8;

LOCK TABLES `assistanceservicecategory` WRITE;
/*!40000 ALTER TABLE `assistanceservicecategory` DISABLE KEYS */;

INSERT INTO `assistanceservicecategory` (`ID`, `Name`, `Image`, `Description`)
VALUES
	('1','Line Management - Home','https://img.tim.it/sdr/01_Gestione_Linea_e_Servizi_v1_0.png',NULL),
	('2','Line Management - Mobile','https://img.tim.it/sdr/01_Gestione_Linea_e_Servizi_v1_0.png',NULL),
	('3','Monitoring Costs and Payment','https://img.tim.it/sdr/02_CostiPagamenti_1.png',NULL),
	('4','Technical Support','https://img.tim.it/sdr/03_Configurazione_0.png',NULL),
	('5','Smart Life Services Assitance','https://img.tim.it/sdr/04_ConenutiDigitalLife_0.png',NULL);

/*!40000 ALTER TABLE `assistanceservicecategory` ENABLE KEYS */;
UNLOCK TABLES;


# Dump of table assistanceservicefaq
# ------------------------------------------------------------

DROP TABLE IF EXISTS `assistanceservicefaq`;

CREATE TABLE `assistanceservicefaq` (
  `ID` varchar(50) NOT NULL,
  `ID_Service` varchar(50) DEFAULT NULL,
  `Faq_Title` mediumtext,
  `Faq_Description` mediumtext,
  PRIMARY KEY (`ID`)
) ENGINE=InnoDB DEFAULT CHARSET=utf8;

LOCK TABLES `assistanceservicefaq` WRITE;
/*!40000 ALTER TABLE `assistanceservicefaq` DISABLE KEYS */;

INSERT INTO `assistanceservicefaq` (`ID`, `ID_Service`, `Faq_Title`, `Faq_Description`)
VALUES
	('1','1','Quali documenti sono necessari?','Dovrai fornire in visione i seguenti documenti: documento di identità del titolare linea (carta identità, patente di guida con foto, passaporto); codice fiscale del titolare linea;documentazione antiabusivismo, rappresentata da uno dei seguenti documenti: copia di una recente fattura (luce, gas, acqua) anche se intestata ad altri precedenti soggetti, occupanti la medesima unità immobiliare per la quale è stata fatta richiesta di collegamento telefonico oppure copia della concessione/licenza edilizia. Oppure copia della domanda di concessione in sanatoria corredata della prova dell\'avvenuto pagamento delle somme dovute a titolo di oblazione (così come previsto dal 2° comma dell\'art.45 della legge 28.2.85 n.47). Solo nel caso non fosse possibile presentare uno qualsiasi dei documenti, potrai produrre in sostituzione una \"autodichiarazione sostitutiva di atto notorio\" autenticata dal notaio o dal segretario comunale come previsto dall\'art.4 della legge 4.1.68 e successive modificazioni ed integrazioni. '),
	('10','5','Quali sono le diverse tipologie di linea telefonica di casa? ','•    LINEA TELEFONICA PRINCIPALE: è una linea telefonica principale di tipo tradizionale per i clienti che non svolgono attività professionali intestata a qualunque componente del nucleo familiare anagrafico. •    LINEA TELEFONICA AGGIUNTIVA: è una linea telefonica aggiuntiva di tipo tradizionale intestata al medesimo titolare della linea principale, attivata nella stessa o in altra abitazione. •    LINEA ISDN: è una linea telefonica principale che si differenzia dalla linea di tipo tradizionale in quanto include alcuni servizi telefonici specifici. •    LINEA PER TRAFFICO ENTRANTE: è una linea telefonica di tipo tradizionale aggiuntiva a una linea principale, che consente la sola ricezione delle chiamate. •    LINEA IN FIBRA OTTICA: è la nuova linea per telefonare e navigare in Internet grazie all’alta velocità della fibra ottica, connettere contemporaneamente e con prestazioni elevate Tablet, PC, Smartphone e TV con  più applicazioni e dispositivi, vedere video anche in alta definizione senza attese né interruzioni. Consulta online le varie offerte disponibili.'),
	('11','6','Quali documenti sono necessari?','Dovrai fornire in visione i seguenti documenti: documento di identità del titolare linea (carta identità, patente di guida con foto, passaporto); codice fiscale del titolare linea;documentazione antiabusivismo, rappresentata da uno dei seguenti documenti: copia di una recente fattura (luce, gas, acqua) anche se intestata ad altri precedenti soggetti, occupanti la medesima unità immobiliare per la quale è stata fatta richiesta di collegamento telefonico oppure copia della concessione/licenza edilizia. Oppure copia della domanda di concessione in sanatoria corredata della prova dell\'avvenuto pagamento delle somme dovute a titolo di oblazione (così come previsto dal 2° comma dell\'art.45 della legge 28.2.85 n.47). Solo nel caso non fosse possibile presentare uno qualsiasi dei documenti, potrai produrre in sostituzione una \"autodichiarazione sostitutiva di atto notorio\" autenticata dal notaio o dal segretario comunale come previsto dall\'art.4 della legge 4.1.68 e successive modificazioni ed integrazioni. '),
	('12','6','Quali sono le diverse tipologie di linea telefonica di casa? ','•    LINEA TELEFONICA PRINCIPALE: è una linea telefonica principale di tipo tradizionale per i clienti che non svolgono attività professionali intestata a qualunque componente del nucleo familiare anagrafico. •    LINEA TELEFONICA AGGIUNTIVA: è una linea telefonica aggiuntiva di tipo tradizionale intestata al medesimo titolare della linea principale, attivata nella stessa o in altra abitazione. •    LINEA ISDN: è una linea telefonica principale che si differenzia dalla linea di tipo tradizionale in quanto include alcuni servizi telefonici specifici. •    LINEA PER TRAFFICO ENTRANTE: è una linea telefonica di tipo tradizionale aggiuntiva a una linea principale, che consente la sola ricezione delle chiamate. •    LINEA IN FIBRA OTTICA: è la nuova linea per telefonare e navigare in Internet grazie all’alta velocità della fibra ottica, connettere contemporaneamente e con prestazioni elevate Tablet, PC, Smartphone e TV con  più applicazioni e dispositivi, vedere video anche in alta definizione senza attese né interruzioni. Consulta online le varie offerte disponibili.'),
	('13','7','Quali documenti sono necessari?','Dovrai fornire in visione i seguenti documenti: documento di identità del titolare linea (carta identità, patente di guida con foto, passaporto); codice fiscale del titolare linea;documentazione antiabusivismo, rappresentata da uno dei seguenti documenti: copia di una recente fattura (luce, gas, acqua) anche se intestata ad altri precedenti soggetti, occupanti la medesima unità immobiliare per la quale è stata fatta richiesta di collegamento telefonico oppure copia della concessione/licenza edilizia. Oppure copia della domanda di concessione in sanatoria corredata della prova dell\'avvenuto pagamento delle somme dovute a titolo di oblazione (così come previsto dal 2° comma dell\'art.45 della legge 28.2.85 n.47). Solo nel caso non fosse possibile presentare uno qualsiasi dei documenti, potrai produrre in sostituzione una \"autodichiarazione sostitutiva di atto notorio\" autenticata dal notaio o dal segretario comunale come previsto dall\'art.4 della legge 4.1.68 e successive modificazioni ed integrazioni. '),
	('14','7','Quali sono le diverse tipologie di linea telefonica di casa? ','•    LINEA TELEFONICA PRINCIPALE: è una linea telefonica principale di tipo tradizionale per i clienti che non svolgono attività professionali intestata a qualunque componente del nucleo familiare anagrafico. •    LINEA TELEFONICA AGGIUNTIVA: è una linea telefonica aggiuntiva di tipo tradizionale intestata al medesimo titolare della linea principale, attivata nella stessa o in altra abitazione. •    LINEA ISDN: è una linea telefonica principale che si differenzia dalla linea di tipo tradizionale in quanto include alcuni servizi telefonici specifici. •    LINEA PER TRAFFICO ENTRANTE: è una linea telefonica di tipo tradizionale aggiuntiva a una linea principale, che consente la sola ricezione delle chiamate. •    LINEA IN FIBRA OTTICA: è la nuova linea per telefonare e navigare in Internet grazie all’alta velocità della fibra ottica, connettere contemporaneamente e con prestazioni elevate Tablet, PC, Smartphone e TV con  più applicazioni e dispositivi, vedere video anche in alta definizione senza attese né interruzioni. Consulta online le varie offerte disponibili.'),
	('2','1','Quali sono le diverse tipologie di linea telefonica di casa? ','•    LINEA TELEFONICA PRINCIPALE: è una linea telefonica principale di tipo tradizionale per i clienti che non svolgono attività professionali intestata a qualunque componente del nucleo familiare anagrafico. •    LINEA TELEFONICA AGGIUNTIVA: è una linea telefonica aggiuntiva di tipo tradizionale intestata al medesimo titolare della linea principale, attivata nella stessa o in altra abitazione. •    LINEA ISDN: è una linea telefonica principale che si differenzia dalla linea di tipo tradizionale in quanto include alcuni servizi telefonici specifici. •    LINEA PER TRAFFICO ENTRANTE: è una linea telefonica di tipo tradizionale aggiuntiva a una linea principale, che consente la sola ricezione delle chiamate. •    LINEA IN FIBRA OTTICA: è la nuova linea per telefonare e navigare in Internet grazie all’alta velocità della fibra ottica, connettere contemporaneamente e con prestazioni elevate Tablet, PC, Smartphone e TV con  più applicazioni e dispositivi, vedere video anche in alta definizione senza attese né interruzioni. Consulta online le varie offerte disponibili.'),
	('3','2','Quali documenti sono necessari?','Dovrai fornire in visione i seguenti documenti: documento di identità del titolare linea (carta identità, patente di guida con foto, passaporto); codice fiscale del titolare linea;documentazione antiabusivismo, rappresentata da uno dei seguenti documenti: copia di una recente fattura (luce, gas, acqua) anche se intestata ad altri precedenti soggetti, occupanti la medesima unità immobiliare per la quale è stata fatta richiesta di collegamento telefonico oppure copia della concessione/licenza edilizia. Oppure copia della domanda di concessione in sanatoria corredata della prova dell\'avvenuto pagamento delle somme dovute a titolo di oblazione (così come previsto dal 2° comma dell\'art.45 della legge 28.2.85 n.47). Solo nel caso non fosse possibile presentare uno qualsiasi dei documenti, potrai produrre in sostituzione una \"autodichiarazione sostitutiva di atto notorio\" autenticata dal notaio o dal segretario comunale come previsto dall\'art.4 della legge 4.1.68 e successive modificazioni ed integrazioni. '),
	('4','2','Quali sono le diverse tipologie di linea telefonica di casa? ','•    LINEA TELEFONICA PRINCIPALE: è una linea telefonica principale di tipo tradizionale per i clienti che non svolgono attività professionali intestata a qualunque componente del nucleo familiare anagrafico. •    LINEA TELEFONICA AGGIUNTIVA: è una linea telefonica aggiuntiva di tipo tradizionale intestata al medesimo titolare della linea principale, attivata nella stessa o in altra abitazione. •    LINEA ISDN: è una linea telefonica principale che si differenzia dalla linea di tipo tradizionale in quanto include alcuni servizi telefonici specifici. •    LINEA PER TRAFFICO ENTRANTE: è una linea telefonica di tipo tradizionale aggiuntiva a una linea principale, che consente la sola ricezione delle chiamate. •    LINEA IN FIBRA OTTICA: è la nuova linea per telefonare e navigare in Internet grazie all’alta velocità della fibra ottica, connettere contemporaneamente e con prestazioni elevate Tablet, PC, Smartphone e TV con  più applicazioni e dispositivi, vedere video anche in alta definizione senza attese né interruzioni. Consulta online le varie offerte disponibili.'),
	('5','3','Quali documenti sono necessari?','Dovrai fornire in visione i seguenti documenti: documento di identità del titolare linea (carta identità, patente di guida con foto, passaporto); codice fiscale del titolare linea;documentazione antiabusivismo, rappresentata da uno dei seguenti documenti: copia di una recente fattura (luce, gas, acqua) anche se intestata ad altri precedenti soggetti, occupanti la medesima unità immobiliare per la quale è stata fatta richiesta di collegamento telefonico oppure copia della concessione/licenza edilizia. Oppure copia della domanda di concessione in sanatoria corredata della prova dell\'avvenuto pagamento delle somme dovute a titolo di oblazione (così come previsto dal 2° comma dell\'art.45 della legge 28.2.85 n.47). Solo nel caso non fosse possibile presentare uno qualsiasi dei documenti, potrai produrre in sostituzione una \"autodichiarazione sostitutiva di atto notorio\" autenticata dal notaio o dal segretario comunale come previsto dall\'art.4 della legge 4.1.68 e successive modificazioni ed integrazioni. '),
	('6','3','Quali sono le diverse tipologie di linea telefonica di casa? ','•    LINEA TELEFONICA PRINCIPALE: è una linea telefonica principale di tipo tradizionale per i clienti che non svolgono attività professionali intestata a qualunque componente del nucleo familiare anagrafico. •    LINEA TELEFONICA AGGIUNTIVA: è una linea telefonica aggiuntiva di tipo tradizionale intestata al medesimo titolare della linea principale, attivata nella stessa o in altra abitazione. •    LINEA ISDN: è una linea telefonica principale che si differenzia dalla linea di tipo tradizionale in quanto include alcuni servizi telefonici specifici. •    LINEA PER TRAFFICO ENTRANTE: è una linea telefonica di tipo tradizionale aggiuntiva a una linea principale, che consente la sola ricezione delle chiamate. •    LINEA IN FIBRA OTTICA: è la nuova linea per telefonare e navigare in Internet grazie all’alta velocità della fibra ottica, connettere contemporaneamente e con prestazioni elevate Tablet, PC, Smartphone e TV con  più applicazioni e dispositivi, vedere video anche in alta definizione senza attese né interruzioni. Consulta online le varie offerte disponibili.'),
	('7','4','Quali documenti sono necessari?','Dovrai fornire in visione i seguenti documenti: documento di identità del titolare linea (carta identità, patente di guida con foto, passaporto); codice fiscale del titolare linea;documentazione antiabusivismo, rappresentata da uno dei seguenti documenti: copia di una recente fattura (luce, gas, acqua) anche se intestata ad altri precedenti soggetti, occupanti la medesima unità immobiliare per la quale è stata fatta richiesta di collegamento telefonico oppure copia della concessione/licenza edilizia. Oppure copia della domanda di concessione in sanatoria corredata della prova dell\'avvenuto pagamento delle somme dovute a titolo di oblazione (così come previsto dal 2° comma dell\'art.45 della legge 28.2.85 n.47). Solo nel caso non fosse possibile presentare uno qualsiasi dei documenti, potrai produrre in sostituzione una \"autodichiarazione sostitutiva di atto notorio\" autenticata dal notaio o dal segretario comunale come previsto dall\'art.4 della legge 4.1.68 e successive modificazioni ed integrazioni. '),
	('8','4','Quali sono le diverse tipologie di linea telefonica di casa? ','•    LINEA TELEFONICA PRINCIPALE: è una linea telefonica principale di tipo tradizionale per i clienti che non svolgono attività professionali intestata a qualunque componente del nucleo familiare anagrafico. •    LINEA TELEFONICA AGGIUNTIVA: è una linea telefonica aggiuntiva di tipo tradizionale intestata al medesimo titolare della linea principale, attivata nella stessa o in altra abitazione. •    LINEA ISDN: è una linea telefonica principale che si differenzia dalla linea di tipo tradizionale in quanto include alcuni servizi telefonici specifici. •    LINEA PER TRAFFICO ENTRANTE: è una linea telefonica di tipo tradizionale aggiuntiva a una linea principale, che consente la sola ricezione delle chiamate. •    LINEA IN FIBRA OTTICA: è la nuova linea per telefonare e navigare in Internet grazie all’alta velocità della fibra ottica, connettere contemporaneamente e con prestazioni elevate Tablet, PC, Smartphone e TV con  più applicazioni e dispositivi, vedere video anche in alta definizione senza attese né interruzioni. Consulta online le varie offerte disponibili.'),
	('9','5','Quali documenti sono necessari?','Dovrai fornire in visione i seguenti documenti: documento di identità del titolare linea (carta identità, patente di guida con foto, passaporto); codice fiscale del titolare linea;documentazione antiabusivismo, rappresentata da uno dei seguenti documenti: copia di una recente fattura (luce, gas, acqua) anche se intestata ad altri precedenti soggetti, occupanti la medesima unità immobiliare per la quale è stata fatta richiesta di collegamento telefonico oppure copia della concessione/licenza edilizia. Oppure copia della domanda di concessione in sanatoria corredata della prova dell\'avvenuto pagamento delle somme dovute a titolo di oblazione (così come previsto dal 2° comma dell\'art.45 della legge 28.2.85 n.47). Solo nel caso non fosse possibile presentare uno qualsiasi dei documenti, potrai produrre in sostituzione una \"autodichiarazione sostitutiva di atto notorio\" autenticata dal notaio o dal segretario comunale come previsto dall\'art.4 della legge 4.1.68 e successive modificazioni ed integrazioni. ');

/*!40000 ALTER TABLE `assistanceservicefaq` ENABLE KEYS */;
UNLOCK TABLES;


# Dump of table device
# ------------------------------------------------------------

DROP TABLE IF EXISTS `device`;

CREATE TABLE `device` (
  `ID` int(11) NOT NULL AUTO_INCREMENT,
  `Category` varchar(20) NOT NULL,
  `Name` varchar(30) NOT NULL,
  `Brand` varchar(30) NOT NULL,
  `Description` text NOT NULL,
  `Image` text NOT NULL,
  `Price` float(5,2) NOT NULL,
  `OperativeSystem` varchar(30) NOT NULL,
  `Storage` varchar(30) NOT NULL,
  `Cpu` varchar(30) NOT NULL,
  `Size` varchar(30) NOT NULL,
  `Weight` varchar(30) NOT NULL,
  PRIMARY KEY (`ID`),
  UNIQUE KEY `ID` (`ID`),
  KEY `ID_2` (`ID`),
  KEY `ID_3` (`ID`)
) ENGINE=InnoDB DEFAULT CHARSET=utf8;

LOCK TABLES `device` WRITE;
/*!40000 ALTER TABLE `device` DISABLE KEYS */;

INSERT INTO `device` (`ID`, `Category`, `Name`, `Brand`, `Description`, `Image`, `Price`, `OperativeSystem`, `Storage`, `Cpu`, `Size`, `Weight`)
VALUES
	(1,'Smartphone','L70','Lg','Connettivita UMTS/HSDPA - Display da 4,5&apos;&apos; Touchscreen - Fotocamera da 5 Megapixel - SMS - MMS - E-mail - Android                                ','http://hypetim.azurewebsites.net/images/device/1397208005_1_IMGbig_L70i_446x369.jpg',14.00,'Android','','','127,2 x 66,8 x 9,5 mm','126 grammi'),
	(2,'Smartphone','One M8','HTC','Connettivita 4G - Display da 5&apos;&apos; Touchscreen - Ultrapixel Camera - SMS - MMS - E-mail - Android KitKat 4.4                                ','http://hypetim.azurewebsites.net/images/device/1399387687_1_IMGbig_M8_446x369.jpg',599.00,'Android','','','146,36 x 70,6 x 9,3 mm','140 grammi'),
	(3,'Smartphone','Xperia Z2','Sony','Connettivita 4G - Display 5.2&apos;&apos; Full HD TRILUMINOS - Fotocamera da 20.7 Megapixel - Processore Quad Core 2.3 GHz - Android 4.4.2                                ','http://hypetim.azurewebsites.net/images/device/1397208057_1_IMGbig_xperiaZ2_446x369.jpg',499.00,'Android','','Quad Core 2.3 GHz','146,8 x 73,3 x 8,2 mm','163 grammi'),
	(4,'Smartphone','Lumia 1320','Nokia','Connettivita 4G - Display 6&#039;&#039; Touchscreen - Fotocamera da 5 Megapixel - SMS - MMS - E-mail - Wi-Fi - Bluetooth - Windows Phone 8                                ','http://hypetim.azurewebsites.net/images/device/1400239616_1_IMGbig_Lumia1320_446x369.jpg',299.90,'','','','164,5 x 85,9 x 9,8 mm','220 grammi'),
	(5,'Smartphone','Ascend P7','Huawei','Connettivita 4G - Display 5&apos;&apos; IPS Full HD - Fotocamera da 13 Megapixel - Processore QuadCore da 1.8 GHz - Android KitKat 4.4                                ','http://hypetim.azurewebsites.net/images/device/1400494476_1_IMGbig_P7_446x369.jpg',399.90,'Android','','QuadCore da 1.8 GHz','139,8 x 68,8 x 6,5 mm','124 grammi'),
	(6,'Smartphone','L40','LG','Connettivita UMTS/HSDPA - Display 3.5&#039;&#039; Touchscreen - Fotocamera da 3 Megapixel - SMS - MMS - E-mail - Android                                ','http://hypetim.azurewebsites.net/images/device/1400494957_1_IMGbig_L40_446x369.jpg',99.00,'Android','','','109,4 x 59 x 12 mm','114 grammi'),
	(7,'Smartphone','Lumia 630','Nokia','Connettivita UMTS/HSDPA - Display 4.5&apos;&apos; Touchscreen - Fotocamera da 5 Megapixel - SMS - MMS - E-mail - Wi-FI - Bluetooth - Windows Phone 8.1                                ','http://hypetim.azurewebsites.net/images/device/1400495457_1_IMGbig_630_446x369.jpg',149.90,'','','','129,5 x 66,7 x 9,2 mm','134 grammi'),
	(8,'Modem & Networking','X602d','Alcatel','Auto installante - Gestione rubrica SIM - Supporto SMS - Sistemi Operativi: Windows XP/7/8/Vista/Mac OS - HSDPA fino a 21.6 Mbps                                ','http://hypetim.azurewebsites.net/images/device/1402485541_1_IMGbig_X602D_446x369.jpg',39.90,'','','','82 x 26 x 11 mm','17 grammi'),
	(9,'Smartphone','Xperia M2','Sony','','http://hypetim.azurewebsites.net/images/device/1400495930_1_IMGbig_M2_446x369.jpg',199.00,'','','','139,6 x 71,1 x 8,6 mm','148 grammi'),
	(10,'Smartphone','1046','Alcatel','GSM Dualband (900/1800) - Display 1.8&apos;&apos; - Fotocamera VGA - SMS - MMS                                ','http://hypetim.azurewebsites.net/images/device/1402484584_1_IMGbig_OT_1046_446x369.jpg',19.90,'','','','108,5 x 44,8 x 13 mm','67 grammi'),
	(11,'Smartphone','225','Nokia','Connettivita GPRS/EDGE - Display 2.8&apos;&apos; - Fotocamera da 2 Megapixel - SMS - MMS - Email                                ','http://hypetim.azurewebsites.net/images/device/1402485900_1_IMGbig_Nokia225_446x369.jpg',49.90,'','','','124 x 55,5 x 10 mm','99 grammi'),
	(12,'Smartphone','Lumia 930','Nokia','Connettivita 4G - Display 5&apos;&apos; Touchscreen - Fotocamera da 20 Megapixel - SMS - MMS - Email - Wi-Fi - Bluetooth - Memoria interna 32 GB - Windows Phone 8.1                                ','http://hypetim.azurewebsites.net/images/device/1402486497_1_IMGbig_Nokia930_446x369.jpg',459.90,'',' interna 32 GB','','137 x 71 x 9,8 mm','167 grammi'),
	(13,'Tablet & PC','Galaxy Tab 4 10.1','Samsung','Connettivita 4G - Display 10.1&apos;&apos; - 1280 x 800 pixel - Fotocamera da 3 Megapixel - Funzione chiamata - Wi-Fi - Bluetooth - Memoria interna da 16 GB - Supporto MicroSD - Android 4.4.2                                ','http://hypetim.azurewebsites.net/images/device/1402491246_1_IMGbig_TAB4_446x369.jpg',309.90,'Android',' interna da 16 GB','','243,4 x 176,4 x 8 mm','495 grammi'),
	(14,'Smartphone','Galaxy Trend Lite','Samsung','Connettivita UMTS/HSDPA - Display 4&apos;&apos; Touchscreen - Fotocamera da 3 Megapixel - SMS - MMS - E-mail - Android                                ','http://hypetim.azurewebsites.net/images/device/1402491985_1_IMGbig_trend_lite_446x369.jpg',79.90,'Android','','','121,5 x 63,1 x 10,8 mm','125,3 grammi'),
	(15,'Modem & Networking','MF65M','ZTE','Connettivita HSDPA fino a 21.6 Mbps - Supporta fino a 10 connessioni Wi-Fi - Autonomia fino a 6 ore in uso continuativo - Servizio SMS                                ','http://hypetim.azurewebsites.net/images/device/1434966856_1_1406560523_1_IMGbig_MF65_446x369.jpg',49.00,'','','','102 x 50 x 13,7 mm','75 grammi'),
	(16,'Smartphone','G3','LG','Connettivita 4G - Display 5.5&apos;&apos; - Fotocamera da 13 Megapixel- Memoria interna 16GB - Processore QuadCore 2.5 GHz - Android KitKat 4.4                                ','http://hypetim.azurewebsites.net/images/device/1405088325_1_IMGbig_LG_G3_446x369.jpg',49.00,'Android',' interna 16GB','QuadCore 2.5 GHz','146,3 x 74,6 x 9,3 mm','153 grammi'),
	(17,'TV & Smart Living','Up24','Jawbone','Resistente agli spruzzi - Bluetooth - Cavo USB (solo caricamento) - Durata della batteria: 7 giorni - Monitoraggio cibo e bevande - Passi e Attivita - Monitoraggio del sonno - Smart Alarm-  - Puoi trovare la taglia adatta a te misurando la larghezza del tuo polso: - S: fino a 52mm - M: da 53 a 63mm - L: da 64 a 69mm                                ','http://hypetim.azurewebsites.net/images/device/1410166958_1_IMGbig_Jawbone_446x369.jpg',99.90,'','','','        ',''),
	(18,'TV & Smart Living','TV Link V102','Alcatel','rto Miracast- Wi-Fi- LED accensione- HDMI - Micro USB- Android 4.2 con Miracast- - Instant Streaming: Riproduci Film, Musica o guarda le Foto del tuo Smartphone o Tablet direttamente sulla tua TV, in modo semplice e veloce.?Plug&Play: basta inserire la TV Link 102 nella porta HDMI della TV per accedere immediatamente a tutti i contenuti del tuo Smartphone o Tablet.                                ','http://hypetim.azurewebsites.net/images/device/1411134511_1_IMGbig_Alcatel_TV_446x369.jpg',39.90,'Android','','','88 x 25 x 9,2 mm',''),
	(19,'Smartphone','Galaxy Alpha','Samsung','Connettivita 4G - Display 4.7&apos;&apos; - Fotocamera da 12 Megapixel - Supporto NFC - SMS - MMS - Email - Android 4.4.4                                ','http://hypetim.azurewebsites.net/images/device/1410171643_1_IMGbig_Galaxy_Alpha_446x369.jpg',549.90,'Android','','','132,8 x 65,6 x 6,7 mm','120 grammi'),
	(20,'Smartphone','Galaxy S5 Mini','Samsung','Connettivita 4G - Display 4.5&apos;&apos; - Fotocamera da 8 Megapixel - Supporto NFC - SMS - MMS - Email - Android 4.4.2                                ','http://hypetim.azurewebsites.net/images/device/1410172478_1_IMGbig_Galaxy_S5mini_446x369.jpg',399.90,'Android','','','131.1 x 64.8 x 9.1 mm','120 grammi'),
	(21,'TV & Smart Living','Smartband SWR10','Sony','Resistente all&apos;acqua - Classificazione IP58											 - Bluetooth - Connessione/associazione NFC - Micro USB (solo caricamento) - Durata della batteria: 5 giorni - Monitoraggio del sonno - Sveglia Smart - Monitoraggio delle attivita fisiche, sociali e di intrattenimento - Unita centrale removibile                                ','http://hypetim.azurewebsites.net/images/device/1410167305_1_IMGbig_Sony_Smartband_446x369.jpg',79.90,'','','','        ',''),
	(22,'Smartphone','Lumia 530','Nokia','Connettivita UMTS/HSDPA - Display 4&apos;&apos; Touchscreen - Fotocamera da 5 Megapixel - SMS - MMS - E-mail - Wi-FI - Bluetooth - Windows Phone 8.1                                ','http://hypetim.azurewebsites.net/images/device/1410173160_1_IMGbig_Lumia_530_446x369.jpg',99.90,'','','','119.7 x 62.3 x 12 mm','129 grammi'),
	(23,'Smartphone','Xperia Z3','Sony','Connettivita 4G - Display 5.2&apos;&apos; Full HD TRILUMINOS - Fotocamera da 20.7 Megapixel - Processore Quad Core 2.5 GHz - Android 4.4.4                                ','http://hypetim.azurewebsites.net/images/device/1411123033_1_IMGbig_Z3_446x369.jpg',599.00,'Android','','Quad Core 2.5 GHz','146 x 72 x 7,4 mm','153 grammi'),
	(24,'Smartphone','Xperia Z3 Compact','Sony','Connettivita 4G - Display 4.6&apos;&apos; TRILUMINOS - Fotocamera da 20.7 Megapixel - Processore Quad Core 2.5 GHz - Android 4.4.4                                ','http://hypetim.azurewebsites.net/images/device/1411123701_1_IMGbig_Z3_compact_446x369.jpg',449.00,'Android','','Quad Core 2.5 GHz','127 x 64,9 x 8,6 mm','129 grammi'),
	(25,'TV & Smart Living','Solo2','Beats','sta/Fine chiamata- \r\nPlay/Pausa- \r\nTraccia successiva/precedente- \r\nCavo 3,5 mm Plug- - \r\n\r\nDesign lineare: le cuffie Solo2 vantano un&apos;estetica piu lineare con curve piu morbide e senza\r\nviti a vista.- \r\nComfort personalizzato: i padiglioni sono stati ergonomicamente angolati per offrire una\r\nvestibilita ancora piu naturale, con supporti per comfort ottimale e resa sonora perfetta.- \r\nAscolta un nuovo tipo di suono: le cuffie Solo2 hanno una gamma piu ampia e dinamica di suoni\r\nin grado di rendere in modo piu fedele l&apos;audio come voluto in origine dall&apos;artista.                                ','http://hypetim.azurewebsites.net/images/device/1411135055_1_IMGbig_Beats_solo2_446x369.jpg',149.90,'','','','','   '),
	(26,'TV & Smart Living','VivoFit + Fascia Cardio','Garmin','id - iOS- \r\nBluetooth- \r\nGarmin Connect (App)- \r\nDue batterie a bottone CR1632 sostituibili- \r\nResistenza all&apos;acqua fino a 50 mt- - \r\n\r\nObiettivi giornalieri personalizzati: VivoFit memorizza il livello di attivita e assegna\r\nl&apos;obiettivo giornaliero da raggiungere.- \r\nFunzionamento non-stop: VivoFit segue i tuoi miglioramenti 24 ore su 24, 7 giorni su 7 e offre\r\nun&apos;autonomia della batteria fino ad un anno di durata.- \r\nConnessione: Con il semplice tocco di un pulsante &egrave; possibile eseguire la sincronizzazione\r\nwireless di VivoFit con Garmin Connect','http://hypetim.azurewebsites.net/images/device/1411135506_1_IMGbig_Garmin_Vivo_446x369.jpg',139.90,'iOS','','','21 x 10,5 mm (VivoFit)','25 grammi'),
	(27,'TV & Smart Living','G Watch','LG','id 4.3-  Bluetooth 4.0-  Display 1.65?? IPS-  Batteria 400 mAh-  Notifiche SMS, Chiamate e schede Google Now-  Protezione IP67-  Fino a 36 ore in stand-by- -  Display sempre attivo: ti consente di controllare l?ora e leggere all?istante nuove informazioni senza toccarlo.-  Batteria da 400 mAh: garantisce il funzionamento dell?orologio per tutto il giorno con un?unica ricarica.-  Resistenza certificata ad acqua e polvere.                                ','http://hypetim.azurewebsites.net/images/device/1411982016_1_IMGbig_G_Watch_446x369.jpg',19.00,'Android','','','37,9 x 46,5 x 9,95 mm','63 grammi'),
	(28,'TV & Smart Living','Mini Jambox','Jawbone','ooth- \r\nMicro USB (solo carica)- \r\nMicrofono integrato per conference call- \r\nIngresso stereo da 3.5 mm- \r\nCirca 10 ore in uso continuativo- - \r\n\r\nLa tecnologia di riproduzione LiveAudio','http://hypetim.azurewebsites.net/images/device/1411136118_1_IMGbig_Jambox_446x369.jpg',129.90,'','','','152 x 24,5 x 58 mm','255 grammi'),
	(29,'TV & Smart Living','Ultimate Ears Mini Boom','Logitech','ooth - NFC- Micro USB- Microfono integrato per conference call- - Ultimate Ears MINI BOOM &egrave; un altoparlante portatile che ti permette di ascoltare tramite Blu etooth la musica sul tuo device, regalandoti un suono eccezionale.- Grazie alla batteria ricaricabile agli ioni di litio, che ti garantisce fino a 10 ore di ascolto e di divertimento, MINI BOOM trasmette in streaming, fino a una distanza di 15 metri.- Il design ultracompatto, i semplici controlli e l&apos;audio chiaro e cristallino fanno di MINI BOOM il compagno perfetto per ascoltare la tua musica, ovunque ti trovi.                                ','http://hypetim.azurewebsites.net/images/device/1411393645_1_IMGbig_Logitech_music_446x369.jpg',99.90,'','','','6,7 x 6,1 x 11,1 cm','301 grammi'),
	(30,'TV & Smart Living','MD-12 Sound Speaker','Nokia','ooth 3.0 - NFC- \r\nMicro USB- \r\nMicrofono integrato per conference call- \r\nBatteria 1020 mAh- - \r\n\r\nGrazie alle sue dimensioni, MD-12 &egrave; comodo da tenere in tasca e perfetto per quando devi\r\nspostarti rapidamente.- \r\nDotato della piu recente tecnologia, MD-12 &egrave; stato studiato per creare un effetto di bassi\r\nstraordinari su qualsiasi superficie.- \r\nGrazie alla tecnologia NFC, ti basta un tocco per associare il tuo smartphone all&apos;altoparlante.                                ','http://hypetim.azurewebsites.net/images/device/1411394029_1_IMGbig_Nokia_446x369.jpg',49.90,'','','','38 mm x 84 mm','180 grammi'),
	(31,'TV & Smart Living','Gear Fit','Samsung','','http://hypetim.azurewebsites.net/images/device/1411394446_1_IMGbig_Samsung_446x369.jpg',99.90,'','','','23,4 x 57,4 x 11,9 mm','27 grammi'),
	(32,'TV & Smart Living','BTN200M','Sony','- \r\nRisposta/Fine chiamata- \r\nPlay/Pausa- \r\nTraccia successiva/precedente- \r\nVolume- \r\nMicro USB (solo carica)- \r\nBluetooth- \r\nConnessione/associazione NFC- - \r\n\r\nBasta un solo tocco e ascolta l&apos;ultimo brano di successo dal tuo telefono in un istante: basta\r\navvicinare alle cuffie il tuo Smartphone NFC per avviare la riproduzione.- \r\nRicevi o effettua chiamate con il microfono integrato: chiacchiera con gli amici al telefono\r\ncon una qualita vocale nitida e cristallina.- \r\nGoditi la tua musica piu a lungo: la batteria integrata offre fino a 40 ore di ascolto quando\r\nsei in giro.                                ','http://hypetim.azurewebsites.net/images/device/1411394878_1_IMGbig_Sony_446x369.jpg',89.90,'','','','        ','                '),
	(33,'TV & Smart Living','Pulse O2','Withings','id - iOS- \r\nBluetooth 4.0- \r\nApp Withings- \r\nResistente all&apos;acqua- \r\nBluetooth- \r\nCavo USB (solo caricamento)- - \r\n\r\nPrimo fitness tracker che puo misurare il livello di ossigeno nel sangue.- \r\nWithings Pulse O2 misura la nostra attivita durante le ore di sonno, le calorie bruciate, i\r\npassi e le distanze percorse durante una corsa o una passeggiata.- \r\nBatteria dalla durata di due settimane.                                ','http://hypetim.azurewebsites.net/images/device/1411395556_1_IMGbig_Withings1_446x369.jpg',99.90,'iOS','','','        ',''),
	(34,'TV & Smart Living','WS50 Smart Body Analyzer','Withings','id - iOS- \r\nBluetooth - Wi-Fi- \r\nApp Withings Health Mate- \r\nQuattro sensori di peso- \r\nPossibilita di pesate differenziate, fino a 8 persone diverse- \r\nMisurazione della qualita dell&apos;aria- \r\nSensore pioggia- - \r\n\r\nAltamente affidabile: alta precisione nella misurazione del grasso corporeo e dell&apos;indice di massa corporea.- \r\nMisurazione della qualita dell&apos;aria: controllo della qualita dell&apos;aria attraverso la misurazione della temperatura e dell&apos;anidride carbonica.- \r\nFamily-friendly: &egrave; in grado di riconoscere fino a 8 utenti. Tutti possono avere il proprio profilo utente e accedervi in maniera indipendente.                                ','http://hypetim.azurewebsites.net/images/device/1411980091_1_IMGbig_Withings2_446x369.jpg',149.90,'iOS','','','320 x 320 x 23 mm',''),
	(35,'TV & Smart Living','DCS-942L','D-Link','sioni compatte- \r\nSlot per scheda MicroSD per registrazioni audio e video- \r\nApp WeMo gratuita- - \r\n\r\nMydlink Cloud Services abilitato: il modo piu semplice per il monitoraggio della casa, da\r\nqualsiasi postazione.- \r\nLED a infrarossi integrati per la visibilita notturna.- \r\nAvvisi via e-mail attivati dal rilevamento dei movimenti.                                ','http://hypetim.azurewebsites.net/images/device/1411467735_1_IMGbig_DLink_446x369.jpg',99.90,'','','','65,8 x 65 x 126 mm','76 grammi'),
	(36,'TV & Smart Living','Gear Live','Samsung','id 4.3- \r\nBluetooth 4.0- \n\nDisplay 1,63&apos;&apos; 320 x 320 Super AMOLED- \r\nBatteria da 300 mAh- \r\nRilevatore frequenza cardiaca- \r\nAndroid Wear OS- \r\nBluetooth- - \r\n\r\nDisplay sorprendentemente nitido: Il display Super AMOLED, luminoso, colorato e facilmente visibile\r\nin ogni luogo, &egrave; semplice da usare in ogni condizione.- \r\nE sufficiente dire \"OK Google\" e potrai scoprire, ad esempio, quante calorie contiene un avocado, qual &egrave; il tuo programma della giornata o che ore sono a Londra.- \r\nIndossalo in ogni condizione: Samsung Gear Live &egrave; resistente ad acqua e polvere e conforme alla certificazione IP67, quindi puoi indossarlo anche mentre ti lavi le mani, fai la doccia o ti dedichi al giardinaggio.                                ','http://hypetim.azurewebsites.net/images/device/1411982719_1_IMGbig_Samsung_Live_446x369.jpg',199.90,'Android','','','37,9 x 56,4 x 8,9 mm','59 grammi'),
	(37,'Smartphone','iPhone 6 16 GB','Apple','ay Retina HD Multi-Touch widescreen- \r\nretroilluminato LED da 4.7??- \r\nFotocamera iSight da 8 Megapixel- \r\nRegistrazione video HD a 1080p- \r\nSensore di impronte digitali integrato nel tasto Home- \r\nChip A8 con architettura a 64 bit- \r\nCapacita? 16GB- \r\nSistema operativo iOS8                                ','http://hypetim.azurewebsites.net/images/device/1413905581_1_IMGbig_iPhone6_Plus_446x369.jpg',679.90,'iOS','','','138,1 x 67 x 6,9 mm','129 grammi'),
	(38,'TV & Smart Living','WeMo Switch','Belkin','eMo- \r\nWi-Fi- \r\nCompatibile con il router Wi-Fi esistente- \r\nControlla casa a seconda delle tue esigenze- \r\nApp WeMo gratuita- - \r\nConfigurazione e utilizzo semplici e intuitivi.- \r\nPianifica il funzionamento dei sistemi e degli strumenti elettronici di casa, impostandone\r\nl&apos;accensione e lo spegnimento.                                ','http://hypetim.azurewebsites.net/images/device/1412330305_1_IMGbig_Belkin_446x369.jpg',49.90,'','','','        ','                '),
	(39,'Smartphone','iPhone 6 Plus 16 GB','Apple','ay Retina HD Multi-Touch widescreen- \r\nretroilluminato LED da 5.5&apos;&apos;- \r\nFotocamera iSight da 8 Megapixel- \r\nRegistrazione video HD a 1080p- \r\nSensore di impronte digitali integrato nel tasto Home- \r\nChip A8 con architettura a 64 bit- \r\nCapacita 16GB- \r\nSistema operativo iOS8                                ','http://hypetim.azurewebsites.net/images/device/1413905608_1_IMGbig_iPhone6_Plus_446x369.jpg',849.90,'iOS','','','158,1 x 77,8 x 7,1 mm','172 grammi'),
	(40,'Smartphone','G3 s','LG','ttivita 4G- \r\nDisplay 5&apos;&apos;- \r\nFotocamera da 8 Megapixel- \r\nProcessore QuadCore 1.2 GHz- \r\nAndroid KitKat 4.4                                ','http://hypetim.azurewebsites.net/images/device/1412245495_1_IMGbig_LG_G3_446x369.jpg',29.00,'Android','','QuadCore 1.2 GHz','137,7 x 69,6 x 10,3 mm','137 grammi'),
	(41,'Smartphone','Lumia 635','Nokia','','http://hypetim.azurewebsites.net/images/device/1412247999_1_IMGbig_635_446x369.jpg',139.90,'','','','129,5 x 66,7 x 9,2 mm','134 grammi'),
	(42,'Smartphone','Galaxy Note 4','Samsung','Connettivita 4G - Display 5.7&apos;&apos; 2560 x 1440 pixel - Fotocamera da 16 Megapixel - Memoria interna 32GB - SMS - MMS - Email - Android 4.4.4                                ','http://hypetim.azurewebsites.net/images/device/1412256863_1_IMGbig_note4_446x369.jpg',769.90,'Android',' interna 32GB','','153,5 x 78,6 x 8,5 mm','176 grammi'),
	(43,'Smartphone','Lumia 830','Nokia','ttivita? 4G- \r\nDisplay 4.97?? Touchscreen- \r\nFotocamera da 10 Megapixel- \r\nSMS - MMS - Email- \r\nWi-Fi - Bluetooth- \r\nMemoria interna 16 GB- \r\nWindows Phone 8.1                                ','http://hypetim.azurewebsites.net/images/device/1412255477_1_IMGbig_830_446x369.jpg',339.90,'',' interna 16 GB','','139,4 x 70,7 x 9,1 mm','152 grammi'),
	(44,'Outlet','Alessiphone','Cordless','ay da 1,8&apos;&apos; a 65.000 colori- \r\nVivavoce HD- \r\nTastiera retroilluminata- \r\nSuonerie polifoniche- \r\nAmpia rubrica contatti                                ','http://hypetim.azurewebsites.net/images/device/1414749095_1_IMGbig_cordless_446x369.jpg',79.00,'','','','        ','                '),
	(45,'Outlet','D501','Motorola','one Vivavoce per parlare a mani libere- \r\nAmpia rubrica per accedere rapidamente a tutti i tuoi contatti- \r\nECO MODE per risparmiare sulla bolletta ed essere piu GREEN                                ','http://hypetim.azurewebsites.net/images/device/1414749415_1_IMGbig_motorola_446x369.jpg',24.90,'','','','        ',''),
	(46,'Outlet','Sagecom Sixty','Cordless','ay alfanumerico- \r\nVivavoce HD- \r\nSegreteria telefonica- \r\nSuonerie polifoniche- \r\nAmpia rubrica contatti                                ','http://hypetim.azurewebsites.net/images/device/1414749702_1_IMGbig_cordless2_446x369.jpg',89.00,'','','','','         '),
	(47,'Modem & Networking','Wireless AVM FRITZ!WLAN 300E','Repeater','dotti in 1:- \r\n- Repeater Wireless, per estendere e\r\npotenziare la copertura wireless del\r\ntuo router- \r\n\r\n- Access Point Wireless, per\r\naggiungere il wireless ad un router\r\nche non lo ha- \r\n- Ethernet to Wireless Adapter, per\r\ncollegare senza fili un dispositivo non\r\nwireless al tuo router wireless- \r\n\r\n- Wi-Fi 802.11n a 300Mbps a 2,4/5 GHz- \r\n- Sicurezza WEP/WPA/WPA2- \r\n- 1 porta Ethernet per collegare un\r\ndispositivo via cavo- \r\n- Modalita ECO- \r\n- 5 anni di garanzia AVM                                ','http://hypetim.azurewebsites.net/images/device/1414750506_1_IMGbig_fritz_446x369.jpg',49.00,'','','','','             '),
	(48,'Modem & Networking','Router D-LINK DSL-2750B','Modem',' ADSL / ADSL2 / ADSL2+\r\npreconfigurato ed ottimizzato per la rete Infostrada (Plug&Play)- \r\n- Router Wireless 802.11n @ 300 Mbps- \r\n\r\n- 4 porte Ethernet @ 10/100 Mbps per aumentare le possibilita di connessione- \r\n\r\n- Protezione WEP/WPA/WPA2 per garantire la massima sicurezza wireless- - \r\n\r\n- Porta USB per condividere:- \r\n- un hard disk- \r\n- una stampante- - \r\n\r\n- Firewall integrato e personalizzabile- \r\n- Parental Control- \r\n- Interfaccia di configurazione web                                ','http://hypetim.azurewebsites.net/images/device/1414752145_1_IMGbig_dlink_446x369.jpg',49.00,'','','','  ','   '),
	(49,'TV & Smart Living','Smartband SWR30','Sony','id 4.4- \r\nApp SmartBand Talk- \r\nApp Lifelog- \r\nApp Smart Connect- \r\nResistente all&apos;acqua- \r\nClassificazione IP68- \r\nBluetooth- \r\nMicro USB- \r\nDisplay curvo E-link- - \r\nMonitoraggio delle attivita fisiche, sociali e di intrattenimento- \r\nEffettua chiamate direttamente dallo Smartband- \r\n\r\nLa vita in movimento: il dispositivo rileva quando hai corso, camminato e anche quando hai dormito.- \r\nChiamate in viva voce: il cinturino dispone di tutti gli elementi necessari per effettuare e rispondere alle chiamate.- \r\nSempre aggiornato: nel display di SmartBand Talk SWR30 puoi visualizzare e aprire notifiche e messaggi, non appena li ricevi.-                                 ','http://hypetim.azurewebsites.net/images/device/1415631701_1_IMGbig_SWR_446x369.jpg',159.00,'Android','','','',' '),
	(50,'TV & Smart Living','Gear S','Samsung','ay 2&apos;&apos; curvo SuperAMOLED- \r\nSupporto Nano Sim- \r\nFunzione di chiamata- \r\nBatteria 300mAh- \r\nRilevatore frequenza cardiaca- \r\nCertificazione IP67- - \r\n\r\nConcept e design alla massima espressione: Samsung Gear S presenta un elegante display\r\nSuper AMOLED curvo per una vestibilita ottimale e schermate personalizzabili.- \r\nComunicazione libera e indipendente: grazie alla connettivita 3G, Wi-Fi e Bluetooth, Samsung\r\nGear S ti consente di effettuare e ricevere chiamate e messaggi anche quando non hai\r\nlo smartphone a portata di mano.- \r\nIl coach perfetto per restare in forma: Samsung Gear S &egrave; il compagno ideale per la tua attivita\r\nfisica e per la tua salute grazie a sensori avanzati, al GPS integrato e alle funzioni di S Health.                                ','http://hypetim.azurewebsites.net/images/device/1415374904_1_IMGbig_GearS_446x369.jpg',399.90,'','','','39,9 x 58,1 x 12,5 mm',''),
	(51,'TV & Smart Living','G Watch R','LG','ay rotondo 1.3&apos;&apos; Gorilla Glass- \r\nBatteria 410 mAh- \r\nNotifiche SMS, Chiamate, Social e schede Google Now- \r\nProtezione IP67- \r\n\r\nIl primo Smartwatch con design da cronografo: cassa in acciaio inox, resistente all&apos;acqua e cinturini intercambiabili i consente di controllare l&apos;ora e leggere all&apos;istante nuove informazioni senza toccarlo.- \r\nComandi vocali per chiamate, SMS e appuntamenti.- \r\nSistema Operativo Android Wear.                                ','http://hypetim.azurewebsites.net/images/device/1415375162_1_IMGbig_LG_R_446x369.jpg',269.90,'Android','','','46,35 x 53,56 x 9,66 mm','62 grammi'),
	(52,'TV & Smart Living','Smart LED Bulb','Sony','osita: 470 Lumen- \r\nDurata 25.000 ore- \r\nControllabile via Bluetooth- \r\n7,5 LED Watt- \r\n40W Equivalenti- \r\nAttacco E27- \r\nApplicazione per smartphone dedicata- - \r\n\r\nLa lampada intelligente che si controlla direttamente da dispositivi smart senza accessori.- \r\nPuoi gestire in modo semplice la luce di tutta la casa con un dito.- \r\nIlumina i tuoi ambienti con la luce che preferisci cambiando tonalita e intensita.                                ','http://hypetim.azurewebsites.net/images/device/1415632286_1_IMGbig_LED_446x369.jpg',29.90,'','','','113 x 65 mm',''),
	(53,'Smartphone','Pop C2','Alcatel','Connettivita UMTS/HSDPA - Display 4&apos;&apos; Touchscreen - Fotocamera da 3 Megapixel - SMS - MMS - Email - Android 4.2- -  - Smartphone dal design compatto - Semplice ed intuitivo - Eccellente compromesso tra qualita e prezzo                                ','http://hypetim.azurewebsites.net/images/device/1415371750_1_IMGbig_POP_C2_446x369.jpg',59.90,'Android','','','122 x 64,4 x 12 mm','116 grammi'),
	(54,'Smartphone','Ascend G7','Huawei','Connettivita 4G - Display 5.5&apos;&apos; ISP HD - Fotocamera da 13 Megapixel - Processore QuadCore da 1.2 GHz - Android KitKat 4.4 + Emotion UI 3.0- -  - Smartphone raffinato, sottile e leggero con uno spessore di soli 7,6 mm - e un peso di circa 165 gr. - Foto HD, fotocamera posteriore da 13 MP con obiettivo da 28 mm e - lente grandangolare BSI, e quella frontale da 5 MP e lente grandangolare - da 88 gradi. - Integra la nuova EMUI 3.0: una versione aggiornata - dell&apos;interfaccia utente, che lo rende ancora piu semplice da usare.                                ','http://hypetim.azurewebsites.net/images/device/1415372073_1_IMGbig_G7_446x369.jpg',299.90,'Android','','QuadCore da 1.2 GHz','153,5 x 77,3 x 7,6 mm','165 grammi'),
	(55,'Modem & Networking','E3531','Huawei','Auto installante - Gestione rubrica SIM - Supporto SMS - Sistemi Operativi: Windows XP/7/8/Vista/Mac OS - HSDPA fino a 21.6 Mbps-                                 ','http://hypetim.azurewebsites.net/images/device/1415372334_1_IMGbig_3531_446x369.jpg',29.90,'','','','84 x 27 x 10,5 mm','30 grammi'),
	(56,'Smartphone','iPhone 6 64 GB','Apple','Display Retina HD Multi-Touch widescreen retroilluminato LED da 4.7&apos;&apos; - Fotocamera iSight da 8 Megapixel - Registrazione video HD a 1080p - Sensore di impronte digitali integrato nel tasto Home - Chip A8 con architettura a 64 bit - Capacita 64GB - Sistema operativo iOS8-                                 ','http://hypetim.azurewebsites.net/images/device/1415373910_1_IMGbig_iPhone6_Plus_446x369.jpg',789.90,'iOS','','','138,1 x 67 x 6,9 mm','129 grammi'),
	(57,'Smartphone','iPhone 6 Plus 64 GB','Apple','ay Retina HD Multi-Touch widescreen- retroilluminato LED da 5.5&apos;&apos;- Fotocamera iSight da 8 Megapixel- Registrazione video HD a 1080p- Sensore di impronte digitali integrato nel tasto Home- Chip A8 con architettura a 64 bit- Capacita 64GB- Sistema operativo iOS8                                ','http://hypetim.azurewebsites.net/images/device/1415885545_1_IMGbig_iPhone6_Plus_446x369.jpg',849.90,'iOS','','','158,1 x 77,8 x 7,1 mm','172 grammi'),
	(58,'Tablet & PC','Air 2','iPad','Display Retina Multi-Touch retroilluminato LED da 9,7&apos;&apos; - Fotocamera iSight da 8 Megapixel - Registrazione video HD a 1080p - Chip A8 con architettura a 64 bit e coprocessore di movimento M7 - Capacita 64GB - Sensore di impronte digitali integrato nel tasto Home - Sistema operativo iOS 8                                ','http://hypetim.azurewebsites.net/images/device/1415374376_1_IMGbig_iPad2_446x369.jpg',669.00,'iOS','','','240 x 169,5 x 6,1 mm','437 grammi'),
	(59,'Smartphone','Galaxy A3','Samsung','Connettivita 4G - Display 4.5&apos;&apos; - Fotocamera da 8 Megapixel - Supporto NFC - SMS - MMS - Email - Android 4.4.4- -  - Fotocamera con risoluzione 3264x2448 Pixel. - Spessore di appena 6.9 mm. - Funzione Beauty Face, per esaltare l&apos;uso della fotocamera anteriore.                                ','http://hypetim.azurewebsites.net/images/device/1420720594_1_IMGbig_A3_446x369.jpg',279.90,'Android','','','130,1 x 65,5 x 6,9 mm','110 grammi'),
	(60,'Smartphone','Classic','BlackBerry','Connettivita 4G - Tastiera QWERTY?retroilluminata - Display 3,4&apos;&apos; Touchscreen - Fotocamera da 8 Megapixel - SMS - MMS - Email - Supporto NFC - Wi-Fi - Bluetooth - Sistema Operativo BlackBerry 10.3- BlackBerry','http://hypetim.azurewebsites.net/images/device/1420719548_1_IMGbig_BB_446x369.jpg',449.90,'','','','131 x 72,4 x 10 mm','178 grammi'),
	(61,'Smartphone','Lumia 535','Microsoft','Connettivita UMTS/HSDPA - Display 5&apos;&apos; Touchscreen - Fotocamera da 5 Megapixel - SMS - MMS - Email - Wi-Fi - Bluetooth - Windows Phone 8.1- -  - Scatta fantastici selfie grazie alla fotocamera anteriore grandangolare - da 5 MP. - Disponibile con l&apos;ultima versione di Windows Phone e 15 GB di memoria - OneDrive gratuita. - Colorato e con un grande display da 5? e un processore - quad-core.                                ','http://hypetim.azurewebsites.net/images/device/1420720401_1_IMGbig_535_446x369.jpg',119.90,'','','','140,2 x 72,4 x 8,8 mm','146 grammi'),
	(62,'Smartphone','PASSPORT','BlackBerry','Connettivita 4G - Tastiera QWERTY - Display 4,5&apos;&apos; Touchscreen - Fotocamera da 13 Megapixel - SMS - MMS - Email - Supporto NFC - Wi-Fi - Bluetooth - Sistema Operativo BlackBerry 10.3                                ','http://hypetim.azurewebsites.net/images/device/1421424326_1_IMGbig_passport_446x369.jpg',599.90,'','','','128 x 90,3 x 9,3 mm','196 grammi'),
	(63,'Smartphone','Desire 620','HTC','Connettivita 4G - Display 5&apos;&apos; Touchscreen - Fotocamera da 8 Megapixel - SMS - MMS - Email - Android KitKat 4.4 - Memoria interna 8 GB                                ','http://hypetim.azurewebsites.net/images/device/1423061061_1_IMGbig_desire_620_446x369.jpg',249.00,'Android',' interna 8 GB','','150,1 x 72,7 x 9,6 mm','145 grammi'),
	(64,'TV & Smart Living','DCS-935L','D-Link','App dedicata per la visione da remoto - Riproduzione HD con visione notturna ad infrarossi - Sensore di movimento ed acustico                                ','http://hypetim.azurewebsites.net/images/device/1423060985_1_IMGbig_935_446x369.jpg',99.90,'','','','58 x 84,5 x 124,9 mm','160 grammi'),
	(65,'Smartphone','Lumia 435','Microsoft','Connettivita UMTS/HSDPA - Display 4&apos;&apos; Touchscreen - Fotocamera da 2 Megapixel - SMS - MMS - Email - Wi-Fi - Bluetooth - Windows Phone 8.1 - Memoria interna 8GB                                ','http://hypetim.azurewebsites.net/images/device/1423061043_1_IMGbig_435_446x369.jpg',89.90,'',' interna 8GB','','118,1 x 64,7 x 11,6 mm','131 grammi'),
	(66,'Smartphone','Galaxy A5','Samsung','Connettivita 4G - Display 5&apos;&apos; - Fotocamera da 13 Megapixel - Supporto NFC - SMS - MMS - Email - Android 4.4.4 - Memoria interna 16GB                                ','http://hypetim.azurewebsites.net/images/device/1423061025_1_IMGbig_A5_446x369.jpg',379.90,'Android',' interna 16GB','','139,3 x 69,7 x 6,7 mm','123 grammi'),
	(67,'Smartphone','Galaxy CORE Prime','Samsung','Connettivita 4G - Display 4.5&apos;&apos; - Fotocamera da 5 Megapixel - SMS - MMS - Email - Android 4.4.4 - Memoria interna 8GB                                ','http://hypetim.azurewebsites.net/images/device/1423061005_1_IMGbig_Prime_446x369.jpg',149.90,'Android',' interna 8GB','','131,3 x 68,4 x 8,8 mm','132 grammi'),
	(68,'TV & Smart Living','FASCIA CARDIO COMBO +','RUNTASTIC','Android, iOS - Bluetooth - Runtastic PRO - Road Bike PRO - Mountain Bike - PRO (App) - Cintura lavabile-  - Compatibile con l&apos;APP Runtastic Sports & Fitness - Permette la trasmissione di dati tramite Bluetooth- -  - Il Runtastic Heart Rate Combo Monitor usa la tecnologia Bluetooth','http://hypetim.azurewebsites.net/images/device/1424359644_1_IMGbig_runtastic_446x369.jpg',69.90,'iOS','','','21 x 10,5 mm','25 grammi'),
	(69,'TV & Smart Living','CHARGE HR','FITBIT',' - Android - iOS - Windows Phone - Bluetooth 4.0 - App Fitbit - Resistenza all&apos;acqua a 1 ATM-  - Cavo USB-  - - Vedi chi ti chiama, tieni tutto sotto controllo visualizzando le chiamate in arrivo sul display, quando il telefono &egrave; nelle vicinanze.- Un monitoraggio ottimizzato ad ogni battito: passi, distanza, calorie bruciate, piani saliti, minuti di attivita e battito cardiaco. - Migliora la tua giornata utilizzando Charge HR per monitorare durata e qualita del sonno.                                ','http://hypetim.azurewebsites.net/images/device/1424343192_1_IMGbig_Fitbit_446x369.jpg',149.90,'iOS','','','',''),
	(70,'TV & Smart Living','LEVEL BOX MINI','SAMSUNG','Bluetooth 3.0 - NFC - Microfono integrato per conference call - Batteria 800 mAh- -  - Audio premium, ottimizzato per dispositivi smart: Level mini supporta il codec APT -X ed &egrave; ottimizzato per i dispositivi con audio stereo ad alta qualita.- Portabilita e design snello: Con Samsung Level Box mini e le sue dimensioni compatte puoi goderti un audio di alta qualita dove vuoi e quando vuoi.- Connessione facile e suono limpido: Connetti Level Box mini ai tuoi dispositivi mobili con un semplice tocco, attivando la funzione NFC .                                ','http://hypetim.azurewebsites.net/images/device/1424356852_1_IMGbig_level_box_446x369.jpg',99.90,'','','','155 x 65,3 x 49,14 mm','350 grammi'),
	(71,'TV & Smart Living','PILL 2.0','BEATS','Speaker Bluetooth - Microfono integrato per conference call - Ingresso ausiliare jack 3,5 mm - Funzionalita NFC per abbinamento semplificato- -  - GRANDE SUONO, PICCOLE DIMENSIONI: L&apos;altoparlante Beats Pill riproduce un suono potente nonostante le dimensioni ridotte.- 100% PORTATILE: Puoi portare il tuo Beats Pill ovunque: avrai sempre con te un suono di ottima qualita.- AUDIO CONFERENZA BLUETOOTH: La funzionalita Bluetooth e il microfono interno consentono di effettuare telefonate piu facilmente e offrono una qualita audio migliore.                                ','http://hypetim.azurewebsites.net/images/device/1424357499_1_IMGbig_beats_446x369.jpg',199.90,'','','','190 x 45 mm',''),
	(72,'Smartphone','Galaxy Grand Prime','Samsung','Connettivita 4G - Display 5&apos;&apos; - Fotocamera da 8 Megapixel - SMS - MMS - Email - Android 4.4.4 - Memoria interna 8GB                                ','http://hypetim.azurewebsites.net/images/device/1424342013_1_IMGbig_Grand_Prime_446x369.jpg',199.90,'Android',' interna 8GB','','144,8 x 72,1 x 8,6 mm','156 grammi'),
	(73,'TV & Smart Living','SBH60','SONY','Power - Risposta/Fine chiamata - Play/Pausa - Traccia successiva/precedente - Volume - Micro USB (solo carica)-  - Bluetooth- -  - Musica e chiamate: L&apos;audio &egrave; davvero eccezionale per un&apos;esperienza di ascolto senza paragoni. Stile: E cosi comodo e discreto che potrai indossarlo tutto il giorno. - Versatile: Potrai utilizzare SBH60 con qualsiasi smartphone, Tablet, laptop o lettore musicale.                                ','http://hypetim.azurewebsites.net/images/device/1424357837_1_IMGbig_sony_446x369.jpg',69.90,'','','','',''),
	(74,'Smartphone','BLADE A430','ZTE','Connettivita 4G - Display 4.5&apos;&apos; - Fotocamera da 8 Megapixel - SMS - MMS - Email-  - Android 4.4.4- - -                                 ','http://hypetim.azurewebsites.net/images/device/1424358894_1_IMGbig_zte_446x369.jpg',99.00,'Android','','','134.5 x 67.4 x 10 mm','154 grammi'),
	(75,'Smartphone','Pixi3','Alcatel','GSM Quadriband (850/900/1800/1900) - Connettivita UMTS/HSDPA (900/2100) - Funzione di chiamata - Display 8&apos;&apos; 1280x800 pixel - Fotocamera 2 Megapixel - SMS - Email - Android 4.4 - Memoria interna 4GB-                                 ','http://hypetim.azurewebsites.net/images/device/1427292449_1_IMGbig_PIXI2_446x369.jpg',129.90,'Android',' interna 4GB','','209 x 125 x 9,2 mm','355 grammi'),
	(76,'Modem & Networking','Modem Router FRITZ!Box 3272','AVM',' ADSL / ADSL2 / ADSL2+ preconfigurato ed ottimizzato per la rete Infostrada (Plug and Play)- - Router Wireless 802.11n @ 450 Mbps- - 2 porte LAN @ 1 Gbps e 2 porte LAN @ 10/100 Mbps- - 2 porte USB per condividere hard disk e stampante- - Funzionalita NAS integrata per condividere i contenuti nell&apos;hard disk con tutti i dispositivi di casa- - Protezione wireless WEP/WPA/WPA2 per garantire la massima sicurezza- - Seconda rete wireless Ospite con spegnimento programmabile- - Servizio di Dynamic DNS \"MyFRITZ!\" di AVM incluso, per \"staticizzare\" l&apos;IP pubblico del modem e raggiungerlo in ogni momento da fuori casa- - Supporto dei dispositivi UPnP- - Firewall integrato e personalizzabile- - Parental Control- - Interfaccia di configurazione web                                ','http://hypetim.azurewebsites.net/images/device/1427789807_1_IMGbig_AVM_446x369.jpg',79.00,'','','','',''),
	(77,'Smartphone','ONE M9','HTC','Connettivita 4G - Fotocamera da 20 Megapixel-  - SMS - MMS - Email - Android 5.0 - Memoria interna 32 GB- -  - Display 5&apos;&apos; Full HD 1080p con super LCD Display - Processore Qualcomm','http://hypetim.azurewebsites.net/images/device/1427104408_1_IMGbig_M9_446x369.jpg',749.00,'Android',' interna 32 GB','Qualcomm','144,6 x 69,7 x 9,6 mm','157 grammi'),
	(78,'Smartphone','GALAXY S6','SAMSUNG','Connettivita 4G - Display 5.1&apos;&apos; - Fotocamera da 16 Megapixel - SMS - MMS - Email - Android 5.0 - Memoria interna 32 GB- -  - Armonia perfetta tra forma e sostanza: materiali finemente forgiati tra loro. - Tecnologia avanzata, immagini piu definite: fotocamera anteriore e posteriore, risoluzione maggiore, obiettivo F1.9. - Display che supera ogni aspettativa: livelli di luminosita e densita di pixel avanzata per goderti ogni minimo dettaglio al meglio.-                                 ','http://hypetim.azurewebsites.net/images/device/1427451992_1_IMGbig_S62_446x369.jpg',639.90,'Android',' interna 32 GB','','143,4 x 70,5 x 6,8 mm','138 grammi'),
	(79,'Smartphone','G FLEX 2','LG','Connettivita? 4G - Display 5.5&apos;&apos; - Fotocamera da 13 Megapixel - SMS - MMS - Email - Android 5.0 - Memoria interna 16 GB- -  - L?unico Smartphone curvo e flessibile - Display curvo OLED da 5.5?? piu coinvolgente - Rigenera i graffi superficiali grazie all?esclusivo trattamento del cover posteriore                                ','http://hypetim.azurewebsites.net/images/device/1427106454_1_IMGbig_Flex2_446x369.jpg',69.00,'Android',' interna 16 GB','','149,1 x 75,3 x 8,9 mm','152 grammi'),
	(80,'Smartphone','Galaxy S6 64 GB','Samsung','Connettivita 4G - Display 5.1&apos;&apos; - Fotocamera da 16 Megapixel - SMS - MMS - Email - Android 5.0 - Memoria interna 64 GB- -  - Armonia perfetta tra forma e sostanza: materiali finemente forgiati tra loro. - Tecnologia avanzata, immagini piu definite: fotocamera anteriore e posteriore, risoluzione maggiore, obiettivo F1.9. - Display che supera ogni aspettativa: livelli di luminosita e densita di pixel avanzata per goderti ogni minimo dettaglio al meglio.                                ','http://hypetim.azurewebsites.net/images/device/1427452011_1_IMGbig_S62_446x369.jpg',849.90,'Android',' interna 64 GB','','143,4 x 70,5 x 6,8 mm','138 grammi'),
	(81,'Smartphone','GALAXY S6 EDGE','SAMSUNG','Connettivita 4G - Display 5.1 - Fotocamera da 16 Megapixel - SMS - MMS - Email - Android 5.0 - Memoria interna 32 GB- -  - Performance da standing-ovation, velocita raddoppiata e apertura di app ancora pu rapida, puoi accedere alle funzioni Multitasking e Multimedia come non avevi mai fatto prima. - Grazie alla nuova applicazione Smart Manager puoi controllare una serie di informazioni utili in un solo colpo d?occhio. - Ricaricarsi non &egrave; mai stato cosi facile: Ricarica veloce quasi il doppio rispetto al passato.-                                 ','http://hypetim.azurewebsites.net/images/device/1428587408_1_IMGbig_S62_446x369.jpg',699.90,'Android',' interna 32 GB','','143,4 x 70,5 x 6,8 mm','138 grammi'),
	(82,'Smartphone','Galaxy S6 EDGE 64 GB','Smasung','Connettivita 4G - Display 5.1&apos;&apos; - Fotocamera da 16 Megapixel - SMS - MMS - Email - Android 5.0 - Memoria interna 32 GB- -  - Performance da standing-ovation, velocita raddoppiata e apertura di app ancora piu rapida, puoi accedere alle funzioni Multitasking e Multimedia come non avevi mai fatto prima. - Grazie alla nuova applicazione Smart Manager puoi controllare una serie di informazioni utili in un solo colpo d&apos;occhio. - Ricaricarsi non &egrave; mai stato cosi facile: ricarica veloce quasi il doppio rispetto al passato.-                                 ','http://hypetim.azurewebsites.net/images/device/1428587461_1_IMGbig_S62_446x369.jpg',839.00,'Android',' interna 32 GB','','143,4 x 70,5 x 6,8 mm','138 grammi'),
	(83,'Smartphone','SPIRIT 4G LTE','LG','Connettivita 4G - Display 4.7&apos;&apos; - Fotocamera da 8 Megapixel - SMS - MMS - Email - Android 5.0 - Memoria interna 8 GB- -  - Design esclusivo curvo con tasti posteriori per una migliore ergonomia - Display ad alta definizione da 4.7&apos;&apos; piu reattivo - Fotocamera da 8 Mpx veloce e semplice da usare                                ','http://hypetim.azurewebsites.net/images/device/1427112160_1_IMGbig_lg_spirit_446x369.jpg',179.90,'Android',' interna 8 GB','','133,3 x 66,1 x 9,9 mm','124 grammi'),
	(84,'TV & Smart Living','BSP10','Sony','Bluetooth - NFC - Micro USB - Microfono integrato per conference call - Potenza altoparlante 10w- -  - Sony BSP10 riproduce la musica che ami con bassi profondi e acuti chiarissimi. - Grazie alla straordinaria autonomia della batteria, potrai riprodurre musica in streaming, fare e ricevere chiamate per un mass imo di 10 ore. - Un sofisticato sistema a 360? proietta e diffonde la musica dell&apos;altoparlante in tutta la stanza.                                ','http://hypetim.azurewebsites.net/images/device/1428917695_1_IMGbig_BSP10_446x369.jpg',79.90,'','','','78 x 60 mm','300 grammi'),
	(85,'Smartphone','Pop C7','Alcatel','Connettivita UMTS/HSDPA - Display 5&apos;&apos; Touchscreen - Fotocamera da 5 Megapixel - SMS - MMS - Email - Android 4.2 - Memoria interna 4GB                                ','http://hypetim.azurewebsites.net/images/device/1428919209_1_IMGbig_C7_446x369.jpg',99.90,'Android',' interna 4GB','','141 x 71,8 x 9,9 mm','162 grammi'),
	(86,'Modem & Networking','MF90+','ZTE','Connettivita 4G - Supporta fino a 10 connessioni Wi-Fi - Autonomia fino a 4 ore in uso continuativo - Servizio SMS - Autoinstallante                                ','http://hypetim.azurewebsites.net/images/device/1427112782_1_IMGbig_MF90_446x369.jpg',79.00,'','','','106 x 58 x 15,8 mm','104 grammi'),
	(87,'Smartphone','Y635','Huawei','Connettivita 4G - Display 5&apos;&apos; - Fotocamera da 5 Megapixel - Processore QuadCore da 1.2 GHz - Android KitKat 4.4 - Memoria interna 8GB                                ','http://hypetim.azurewebsites.net/images/device/1428919941_1_IMGbig_Y635_446x369.jpg',149.90,'Android',' interna 8GB','QuadCore da 1.2 GHz','144 x 72,8 x 10 mm','178 grammi'),
	(88,'Smartphone','Lumia 640','Microsoft','Connettivita 4G - Display 5&apos;&apos; Touchscreen - Fotocamera da 8 Megapixel - SMS - MMS - Email - Wi-Fi - Bluetooth - Windows Phone 8.1 - Memoria interna 8GB                                ','http://hypetim.azurewebsites.net/images/device/1428920665_1_IMGbig_640_446x369.jpg',189.90,'',' interna 8GB','','141,3 x 72,2 x 8,9 mm','145 grammi'),
	(89,'Smartphone','Xperia E4g','Sony','Connettivita 4G - Display 4.7&apos;&apos; - Fotocamera da 5 Megapixel - Processore QuadCore da 1.5 GHz - Android 4.4.4 - Memoria interna 8GB                                ','http://hypetim.azurewebsites.net/images/device/1428921231_1_IMGbig_e4g_446x369.jpg',149.00,'Android',' interna 8GB','QuadCore da 1.5 GHz','133 x 71 x 10,8 mm','140 grammi'),
	(90,'Outlet','Temporis IP15','DECT-PHONE','tro chiamate centralizzato: 200 voci\n\n(ricevute, effettuate, perse)\r\n- Rubrica locale (200 voci, scaricabile)\r\n- LDAP e blacklist-Caller ID\r\n- 10 Lingue supportate\r\n- Vivavoce\r\n- Suonerie polifoniche\r\n- Tastiera retroilluminata\r\n- Funzione Sveglia\r\n- Ampio display grafico retroilluminato (90x65 punti)\r\n- Porta cuffie (jack 2,5mm)                                ','http://hypetim.azurewebsites.net/images/device/1430235807_1_IMGbig_IP15_446x369.jpg',1.50,'','','','','  '),
	(91,'Outlet','IP2015','KIT',' IP-DECT + 1 Cordless Temporis IP15)- - BASE- 4 chiamate contemporanee\r\n- Fino a 4 portatili registrabili\r\n- - CORDLESS Alcatel IP15 - Ampio display grafico retroilluminato (90x65 punti)\r\n- Porta cuffie (jack 2,5mm)\r\n- Vivavoce\r\n- Accesso alla rubrica locale, condivisa e di rete\r\n- Suonerie polifoniche\r\n- Alla base DECT &egrave; possibile abbinare fino a quattro Cordless IP15 ciascuno col proprio\r\nnumero d&apos;interno.                                ','http://hypetim.azurewebsites.net/images/device/1430292415_1_IMGbig_KIT_IP_446x369.jpg',3.00,'','','','',''),
	(92,'Outlet','LUXE (ALCATEL TEMPORIS IP700G)','IP-PHONE','ay Grafico 206x128 punti retroilluminato\r\n- Possibilita di registrare fino a 5 Account SIP\r\n- Base DECT integrata (max 1 Cordless)\r\n- Telefonia HD\r\n- Power Over Ethernet (POE)\r\n- Switch 2 porte integrato (2 Gigabit)\r\n- Vivavoce Full duplex\r\n- Supporto per cuffie (acquistabili separatamente)\r\n- 32 tasti funzione per speed dial\r\n- Tasti Dual-Color\r\n- Gestione Rubrica Centralizzata                                ','http://hypetim.azurewebsites.net/images/device/1430292685_1_IMGbig_luxe_446x369.jpg',5.00,'','',' ','','         '),
	(93,'Outlet','STANDARD (ALCATEL TEMPORIS IP1','IP-PHONE','','http://hypetim.azurewebsites.net/images/device/1430292830_1_IMGbig_standard_446x369.jpg',2.50,'','','','','       '),
	(94,'Tablet & PC','Mediapad T1 10','Huawei','Connettivita 4G - Display 9.6&apos;&apos; - Fotocamera da 5 Megapixel - Processore QuadCore 1.2 GHz - Memoria interna 16 GB - Android 4.4                                ','http://hypetim.azurewebsites.net/images/device/1430736835_1_IMGbig_T1_10_446x369.jpg',249.90,'Android',' interna 16 GB','QuadCore 1.2 GHz','248,5 x 150 x 8,3 mm','433 grammi'),
	(95,'Smartphone','P8','Huawei','ttivita?4G- Display 5.2&apos;&apos;- Fotocamera da 16 MP- Processore OctaCore (QuadCore 2 GHz & QuadCore 1.5 GHz)- Memoria Interna 16 GB- Android 5.0                                ','http://hypetim.azurewebsites.net/images/device/1430751332_1_IMGbig_P88_446x369.jpg',449.90,'Android',' Interna 16 GB','OctaCore (QuadCore 2 GHz & Qua','144,9 x 72,1 x 6,4','144 grammi'),
	(96,'Smartphone','P8 Lite','Huawei','Connettivita 4G - Display 5&apos;&apos; - Fotocamera da 13 Megapixel - Processore OctaCore a 64 bit - Memoria interna 16 GB - Android Lollipop 5.0                                ','http://hypetim.azurewebsites.net/images/device/1430749902_1_IMGbig_P8_446x369.jpg',229.90,'Android',' interna 16 GB','OctaCore a 64 bit','143 x 70,6 x 7,7 mm','131 grammi'),
	(97,'Smartphone','G4','LG',' - Finiture in vera pelle - 4G - Display Quad HD IPS Quantum curvo da 5.5&apos;&apos; - Processore Hexa Core 1.8 GHz - Fotocamera Professionale da 16 Megapixel con apertura f/1.8 - Cover Posteriore Metallic Skin Chiara inclusa (solo modelli in pelle) - Schermo 1440x2560 pixel, 534 PPI, 450NIT,- Corning Gorilla Glass 3 - Interfaccia personalizzata LG UX 4.0 con funzioni KnockOn,- Knock Code - Memoria interna 32 GB - Android Lollipop 5.0 - - <a target=\"_blank\" rel=\"nofollow\" href=\"https://www.youtube.com/watch?v=NjuA_5o6ONI\"><b>GUARDA IL VIDEO</b></a>-                                 ','http://hypetim.azurewebsites.net/images/device/1433753117_1_IMGbig_lg_G4_446x369.jpg',49.00,'Android',' interna 32 GB','Hexa Core 1.8 GHz','148,9 x 76,1 x 9,8 mm','155 grammi'),
	(98,'Smartphone','Lumia 640XL','Microsoft','Connettivita 4G - Display 5.7&apos;&apos; Touchscreen - Fotocamera da 13 Megapixel - SMS - MMS - Email - Wi-Fi - Bluetooth - Windows Phone 8.1 - Memoria interna 8GB                                ','http://hypetim.azurewebsites.net/images/device/1437403167_1_IMGbig_640_446x369.jpg',249.90,'',' interna 8GB','','141,3 x 81,5 x 9 mm','171 grammi'),
	(99,'Smartphone','Xperia M4 Aqua','Sony','Connettivita 4G - Display 5&apos;&apos; - Fotocamera da 13 Megapixel - Processore QuadCore da 1.5 GHz - Memoria interna 8GB - Android 5.0                                ','http://hypetim.azurewebsites.net/images/device/1430753374_1_IMGbig_m4_446x369.jpg',299.00,'Android',' interna 8GB','QuadCore da 1.5 GHz','145,5 x 72,6 x 7,3 mm','136 grammi'),
	(100,'TV & Smart Living','Surge','Fitbit','Android - iOS - Windows Phone - Bluetooth 4.0 - App Fitbit - Resistenza all&apos;acqua fino a 5 ATM-  - Display touchscreen-  - GPS - Accelerometro e Giroscopio - Monitoraggio del battito cardiaco- -  - Funzionalita GPS: Scopri distanza, velocita, piani saliti, quindi rivedi i percorsi e i tempi intermedi. - Battito cardiaco con PurePulse: Controllo del battito cardiaco continuo e automatico - basato sul polso. - Multi-Sport: Registra corsa, allenamenti incrociati ed esercizi aerobici e vedi i riepiloghi degli allenamenti.                                ','http://hypetim.azurewebsites.net/images/device/1433846265_1_IMGbig_surge_446x369.jpg',249.90,'iOS','','','        ','                '),
	(101,'TV & Smart Living','Chromecast','Google','Dispositivo supportato abilitato per il Wi-Fi e TV HD con ingresso HDMI - Android - iOS - Windows 7 - Mac OS - HDMI-  - Supporto Miracast-  - Risoluzione video massima in uscita 1080p - Alimentazione USB da 5 V- -  - Chromecast &egrave; un dispositivo compatto per lo streaming di contenuti multimediali che si inserisce nella porta HDMI della tua TV HD. - Usa il tuo dispositivo per trasmettere i contenuti che vuoi, mettere in pausa, rivedere le scene piu belle, regolare il volume e persino creare playlist. - Chromecast &egrave; compatibile con un numero crescente di App, per permetterti di guardare sempre piu contenuti di intrattenimento online direttamente sulla tua TV HD.                                ','http://hypetim.azurewebsites.net/images/device/1433759109_1_IMGbig_chromecast_446x369.jpg',34.90,'iOS','','','75 x 35 x 12 mm','34 grammi'),
	(102,'TV & Smart Living','Home','Withings','App dedicata per la visione da remoto - Ampio campo visivo grazie al grand angolo da 135? - Misuratori dell&apos;umidita e della qualita dell&apos;aria integrati- -  - Grazie alla perfetta combinazione di tecnologie, Home offre un video HD di qualita eccezionale. - Quando il sole tramonta, grazie ad un sensore ad infrarossi, Home passa automaticamente alla visione notturna. - Withings Home &egrave; il primo sistema di monitoraggio video che monitora la qualita dell&apos;aria e il livello dell&apos;umidita.                                ','http://hypetim.azurewebsites.net/images/device/1433770715_1_IMGbig_withing_446x369.jpg',199.90,'','','','75 x 75 x 87 mm','x 87 mm'),
	(103,'TV & Smart Living','Smart Home Pack','D-Link','App My Dlink Home - Connessione ad Internet - Wi-Fi - Sicuro e facile da configurare-  - Consente di automatizzare e rendere sicura la casa - Con l&apos;App My Dlink Home, si controlla cosa succede in casa ovunque ci si trovi- -  - Il miglior kit per proteggere e automatizzare la tua casa. - Tutto si installa in un attimo direttamente dall&apos;app gratuita. - Gli intrusi ci penseranno due volte prima di entrare in casa tua.                                ','http://hypetim.azurewebsites.net/images/device/1448970248_1_IMGbig_D-link_446x369.png',249.90,'','','','','                '),
	(104,'TV & Smart Living','Kindle Paperwhite','Amazon','Schermo Amazon Paperwhite da 6&apos;&apos; a inchiostro elettronico - Luce integrata brevettata - Puo contenere oltre 1.000 eBook - Archiviazione Cloud gratuita per tutti i contenuti Amazonl - Supporto Wi-Fi                                ','http://hypetim.azurewebsites.net/images/device/1433755490_1_IMGbig_Kindle_446x369.jpg',129.90,'','','','169 x 117 x 9,1 mm','206 grammi'),
	(105,'TV & Smart Living','Activite Pop','Withings','Bluetooth - App Withings Health Mate - Misurazione della distanza, dei passi e delle calorie bruciate-  - Controllo del sonno - Sveglia intelligente - Resistente all&apos;acqua fino a 5 ATM- -  - Activite Pop ti mostra in tempo reale le tue attivita, e l&apos;applicazione Health Mate ti suggerisce piccoli accorgimenti per fare di piu! - Lo Smartwatch riconosce automaticamente l&apos;aumento d&apos;intensita, passando dalla semplice camminata alla corsa in maniera autonoma. - Activite Pop misura la qualita del tuo sonno, e ti sveglia in maniera intelligente con la sua Smart Alarm.                                ','http://hypetim.azurewebsites.net/images/device/1433769680_1_IMGbig_active_446x369.jpg',149.90,'','','','36,3 mm di diametro','37 grammi'),
	(106,'Smartphone','Liberto 820 Mini','Doro','Connettivita HSDPA - Display 4&apos;&apos; - Fotocamera da 5 Megapixel - SMS - MMS - Email - Android KitKat 4.4 - Memoria interna 4 GB- -  - Icone e testo ampi e chiari e guida all&apos;utilizzo integrata. - Gestione da remoto mediante l&apos;App My Doro Manager. - Tasto di assistenza.                                ','http://hypetim.azurewebsites.net/images/device/1433758199_1_IMGbig_DORO_446x369.jpg',169.00,'Android',' interna 4 GB','','126 x 66 x 11 mm','132 grammi'),
	(107,'Smartphone','G4c','LG','Connettivita 4G - Display 5&apos;&apos; - Fotocamera da 8 Megapixel - Processore Quad Core 1.2 GHz - Android Lollipop 5.0 - Memoria interna 8 GB- -  - Ispirato al flagship LG G4, ha l&apos;esclusivita del design curvo e del rivestimento metallic skin. - Display HD da 5&apos;&apos; con tecnologia In-Cell Touch per una reattivita superiore. - Fotocamera da 8 Megapixel semplice da usare e permette di scattare foto con un sol tocco grazie alle funzioni intuitive di LG                                ','http://hypetim.azurewebsites.net/images/device/1433760226_1_IMGbig_LGG4c_446x369.jpg',22.00,'Android',' interna 8 GB','Quad Core 1.2 GHz','139,7 x 69,8 x 10,2 mm','136 grammi'),
	(108,'Smartphone','Pixi3 4.5','Alcatel','Connettivita UMTS/HSDPA - Display 4.5&apos;&apos; Touchscreen - Fotocamera da 5 Megapixel - SMS - MMS - Email - Android 4.4 - Memoria interna 4 GB- -  - Luminoso schermo da 4,5&apos;&apos; - Funzioni semplici ed intuitive - Le migliori App precaricate e pronte per l?uso                                ','http://hypetim.azurewebsites.net/images/device/1433762087_1_IMGbig_Pixi3_446x369.jpg',69.90,'Android',' interna 4 GB','','132,2 x 65,1 x 11,7 mm','150 grammi'),
	(109,'Smartphone','GALAXY J1','SAMSUNG','Connettivita HSDPA - Display 4.3&apos;&apos; - Fotocamera da 5 Megapixel - SMS - MMS - Email - Android 4.4 - Memoria interna 4 GB- -  - Design ergonomico e accattivante: bordi arrotondati e profilo sottile risaltano il suo design moderno e raffinato. - Immortala il momento perfetto con maggiore facilita: grazie alla funzione. - &apos;&apos;Tocca e Scatta&apos;&apos; basta soltanto toccare qualsiasi punto dello schermo. - Risparmio energetico avanzato: disattiva le funzioni non necessarie e riduci notevolmente il consumo della batteria.- Telefona e ricevi messaggi sul tuo dispositivo anche quando la batteria &egrave; scarica.                                ','http://hypetim.azurewebsites.net/images/device/1433760822_1_IMGbig_J1_446x369.jpg',109.90,'Android',' interna 4 GB','','129 x 68,2 x 8,9 mm','122 grammi'),
	(110,'Tablet & PC','GALAXY TAB A 9.7','SAMSUNG','ttivita 4G- \r\nDisplay 9.7 - 1024 x 768 pixel- \r\nFotocamera da 5 Megapixel- \r\nFunzione Chiamata- \r\nWi-Fi - Bluetooth- \r\nMemoria interna 16 GB- \r\nAndroid Lollipop 5.0- - \r\n\r\nDesign sottile e moderno: lo stile essenziale e la cornice metallizzata esaltano il nuovo formato 4:3.- \r\nEsperienza visiva ottimizzata: nuovo display ideale per visualizzare in modo ottimale presentazioni, siti web, pubblicazioni, e-book ed e-mail.- \r\nPrestazioni eccellenti:con processore Quad Core da 1.2GHz, 2GB di RAM e la versione piu recente del Sistema Operativo Android Lollipop.                                ','http://hypetim.azurewebsites.net/images/device/1434116532_1_IMGbig_TAB_A_446x369.jpg',349.90,'Android',' interna 16 GB','','242,5 x 168,8 x 7,5 mm','453 grammi'),
	(111,'TV & Smart Living','Kizon','LG','GSM Dual Band - Batteria 400 mAh - Tasto unico per rispondere e per chiamare - Realizzato con materiali anallergici- -  - Un bracciale utile per rimanere in contatto con i propri figli e sapere dove si trovano. - Semplice da usare, resistente e realizzato con materiali anallergici. - Tramite l&apos;App &egrave; possibile gestire KizOn per impostare i numeri predefiniti e quelli autorizzati alla chiamata.                                ','http://hypetim.azurewebsites.net/images/device/1436781327_1_IMGbig_Kids_446x369.jpg',99.00,'','','','        ',' '),
	(112,'TV & Smart Living','Watch Urbane','LG','Display rotondo 1.3&apos;&apos; Gorilla Glass - Batteria 410 mAh - Notifiche SMS, chiamate, Social e schede Google Now - Sensore cardio- -  - Display always-on, per consultare l&apos;orario in maniera immediata, come su un orologio tradizionale. - Design senza tempo. Cassa in acciaio inossidabile corredata da un cinturino in vera pelle impunturata. - Resistente all&apos;acqua e alla polvere, cosi potrai indossarlo sempre, senza esitazioni.                                ','http://hypetim.azurewebsites.net/images/device/1436781930_1_IMGbig_Urbane_446x369.jpg',34.00,'','','','45,5 x 52,2 x 10,9 mm','64 grammi'),
	(113,'TV & Smart Living','UP 2','Jawbone','Monitoraggio cibo e bevande - Passi & Attivita - Monitoraggio del sonno - Smart Alarm- -  - UP2','http://hypetim.azurewebsites.net/images/device/1436780333_1_IMGbig_UP2_446x369.jpg',119.90,'','','   ','    ','         '),
	(115,'Tablet & PC','Surface PRO 3 64GB i3','Microsoft','ndows 8.1 Pro - Schermo: ClearType Full HD Plus da 12 pollici multi Touch - memoria interna 64Gb - Processore Intel i3 di quarta generazione - Ram 4GB - Due videocamere HD da 5 MP, anteriore e posteriore - Microfoni stereo - Altoparlanti stereo con audio Dolby - Wi-Fi 802.11ac / 802.11 abgn - Bluetooth 4.0 - USB 3.0 full-size - Lettore di schede microSD - Connettore jack per cuffie - Mini DisplayPort - Porta per cover - Sensore di luce ambientale - Accelerometro - Giroscopio - Magnetometro - Durata della batteria fino a 9 ore.                                ','http://hypetim.azurewebsites.net/images/device/1441187109_1_surface_big.jpg',799.00,'','','Intel i3 di quarta generazione','398 x 244 x 40 mm','798 grammi'),
	(116,'Tablet & PC','Surface PRO 3 64GB I3','Microsoft','ndows 8.1 Pro - Schermo: ClearType Full HD Plus da 12 pollici multi Touch - memoria interna 64Gb - Processore Intel i3 di quarta generazione - Ram 4GB - Due videocamere HD da 5 MP, anteriore e posteriore - Microfoni stereo - Altoparlanti stereo con audio Dolby - Wi-Fi 802.11ac / 802.11 abgn - Bluetooth 4.0 - USB 3.0 full-size - Lettore di schede microSD - Connettore jack per cuffie - Mini DisplayPort - Porta per cover - Sensore di luce ambientale - Accelerometro - Giroscopio - Magnetometro - Durata della batteria fino a 9 ore.                                ','http://hypetim.azurewebsites.net/images/device/1441189415_1_surface_big.jpg',799.00,'','','Intel i3 di quarta generazione','398 x 244 x 40 mm','798 grammi'),
	(117,'Smartphone','GALAXY S6 edge+ 32GB','SAMSUNG','Connettivita 4G - Display 5.7 - Fotocamera da 16 Megapixel - SMS - MMS - Email - Android 5.0 - Memoria interna 32 GB- -  - Schermo piu grande e brillante che rende ancora piu vivo tutto quello che vedi. - La musica &egrave; importante per te: con UHQ Audio il suono &egrave; ancora piu ricco e puro. - Ricaricarsi non &egrave; mai stato cosi facile: ricarica veloce quasi il doppio rispetto al passato.                                ','http://hypetim.azurewebsites.net/images/device/1441613433_1_IMGbig_S6_EDGE_32_446x369.jpg',839.90,'Android',' interna 32 GB','','154,4 x 75,8 x 6,9 mm','153 grammi'),
	(118,'Smartphone','Y5','Huawei','Connettivita 4G - Display 4.5 - Fotocamera da 5 Megapixel - Processore QuadCore da 1.1 GHz - Android 5.1 - Memoria interna 8GB- -  - Smartphone dal design compatto - Ampio display da 4.5 - Interfaccia Personalizzata: Emotion UI basata su Android                                ','http://hypetim.azurewebsites.net/images/device/1441614092_1_IMGbig_Huawei_y5_446x369.jpg',99.90,'Android',' interna 8GB','QuadCore da 1.1 GHz','136 x 67,7 x 10 mm','160 grammi'),
	(119,'TV & Smart Living','Aria','Fitbit','Display LCD con retroilluminazione - Possibilita di pesate differenziate, fino a 8 persone diverse - Misura la massa corporea utilizzando l&apos;analisi tramite bioimpedenza - Visualizza peso, % grasso corporeo e selezione utente- -  - Visualizza i tuoi progressi e analizza le tue tendenze con diagrammi di facile lettura. - Aria si sincronizza in modo automatico e wireless con il tuo pannello Fitbit, in modo da poter accedere ai tuoi progressi 24 ore su 24. - Riconosce fino a otto singoli utenti e, quindi, puoi invitare a utilizzare questa bilancia tutta la famiglia.                                ','http://hypetim.azurewebsites.net/images/device/1444040746_1_IMGbig_Fitbit_446x369.jpg',119.90,'','','','312 x 312 x 33 mm','2 x 33 mm'),
	(120,'Smartphone','POP3','ALCATEL','Connettivita UMTS/HSDPA - Display 5 - Fotocamera da 5 Megapixel - SMS - MMS - Email - Android Lollipop 5.1 - Memoria interna 8 GB- -  - Finiture di pelle per un design elegante e rifinito. - Display luminoso per enfatizzare i colori. - Camera ultra precisa grazie al face detenction.                                ','http://hypetim.azurewebsites.net/images/device/1444042377_1_IMGbig_POP3_446x369.jpg',89.90,'Android',' interna 8 GB','','140,7 x 71,4 x 9,9 mm','162 grammi'),
	(121,'Smartphone','6030','Doro','GSM - Display 2.4 - Fotocamera da 0.3 Megapixel - SMS - MMS - Memoria interna 16 GB- -  - Ampio display di facile lettura - Fotocamera di facile utilizzo - Tasti ampi ad elevato contrasto                                ','http://hypetim.azurewebsites.net/images/device/1444049642_1_IMGbig_Doro_446x369.jpg',59.90,'',' interna 16 GB','','100 x 53 x 18 mm','94 grammi'),
	(122,'Smartphone','Y6','Huawei','Connettivita 4G - Display 5 - Fotocamera da 8 Megapixel - Processore QuadCore da 1.1 GHz - Android 5.1 - Memoria interna 8 GB- -  - Design sottile ed elegante con display HD da 5 pollici - Processore Quad-Core e supporto alle reti ultraveloci 4G LTE - Fotocamera da 8MP con apertura ampia f2.0 per immagini chiare anche con poca luce                                ','http://hypetim.azurewebsites.net/images/device/1444051013_1_IMGbig_Y6_446x369.jpg',149.90,'Android',' interna 8 GB','QuadCore da 1.1 GHz','143,5 x 72,1 x 8,3 mm','155 grammi'),
	(123,'Smartphone','iPhone 6s 64GB','Apple','Display Retina HD con 3D Touch Widescreen retroilluminato LED da 4.7 pollici - Fotocamera iSight da 12 Megapixel - Registrazione video 4K a 30 fps - Sensore di impronte digitali integrato nel tasto Home - Chip A9 con architettura a 64 bit - Capacita 64 GB - Sistema operativo iOS9- -  - La nuova evoluzione di un design rivoluzionario: il display Retina HD &egrave; fatto del vetro piu resistente che uno Smartphone abbia mai avuto - Video a 4K: risoluzione quattro volte piu alta dell&apos;HD - Con il chip A9, iPhone 6s raggiunge prestazioni e livelli di efficienza senza precedenti                                ','http://hypetim.azurewebsites.net/images/device/1445522773_1_IMGbig_iPhone_6S64_446x369.jpg',899.90,'iOS','','','138,3 x 67,1 x 7,1 mm','143 grammi'),
	(124,'Smartphone','Mate S','Huawei','Connettivita 4G - Display 5.5 - Fotocamera da 13 Megapixel - Processore QuadCore 2.2 GHz - Memoria interna 32 GB - Android Lollipop 5.1- -  - Tecnologia touch interattiva con Fingerprint Sense 2.0 e Smart Knuckle Sense 2.0. - Corpo curvo in metallo con display AMOLED FHD da 5,5 - Fotocamera da 13 MP con OIS e modalita professionale                                ','http://hypetim.azurewebsites.net/images/device/1444050330_1_IMGbig_Mate_S_446x369.jpg',499.90,'Android',' interna 32 GB','QuadCore 2.2 GHz','149,9 x 75,3 x 7,2 mm','156 grammi'),
	(125,'Smartphone','iPhone 6s Plus 64GB','Apple','Display Retina HD con 3D Touch Widescreen retroilluminato LED da 5.5 pollici - Fotocamera iSight da 12 Megapixel - Registrazione video 4K a 30 fps - Sensore di impronte digitali integrato nel tasto Home - Chip A9 con architettura a 64 bit - Capacita 64 GB - Sistema operativo iOS9- -  - La nuova evoluzione di un design rivoluzionario: il display Retina HD &egrave; fatto del vetro piu resistente che uno smartphone abbia mai avuto - Video a 4K: risoluzione quattro volte piu alta dell&apos;HD e stabilizzazione ottica dell&apos;immagine - Con il chip A9, iPhone 6s raggiunge prestazioni e livelli di efficienza senza precedenti                                ','http://hypetim.azurewebsites.net/images/device/1445522619_1_IMGbig_iPhone_6Splus_446x369.jpg',999.99,'iOS','','','138,3 x 67,1 x 7,1 mm','143 grammi'),
	(126,'Smartphone','iPhone 6s 16GB','Apple','Display Retina HD con 3D Touch Widescreen retroilluminato LED da 4.7 pollici - Fotocamera iSight da 12 Megapixel - Registrazione video 4K a 30 fps - Sensore di impronte digitali integrato nel tasto Home - Chip A9 con architettura a 64 bit - Capacita 16 GB - Sistema operativo iOS9- -  - La nuova evoluzione di un design rivoluzionario: il display Retina HD &egrave; fatto del vetro piu resistente che uno Smartphone abbia mai avuto - Video a 4K: risoluzione quattro volte piu alta dell&apos;HD - Con il chip A9, iPhone 6s raggiunge prestazioni e livelli di efficienza senza precedenti                                ','http://hypetim.azurewebsites.net/images/device/1445521666_1_IMGbig_iPhone_6S_446x369.jpg',789.90,'iOS','','','138,3 x 67,1 x 7,1 mm','143 grammi'),
	(127,'TV & Smart Living','Gear S2 Classic','Samsung','Bluetooth 4.1 - App Gear Manager - Display 1,2 pollici?Circular Super AMOLED-  - Ghiera girevole in acciaio - Batteria 250 mAh - Rilevatore frequenza cardiaca - Certificazione IP68- -  - Non solo puoi leggere il messaggio o l&apos;email, ma puoi comodamente rispondere dal tuo orologio, scegliendo la modalita che preferisci. - La ghiera rotante permette di accedere ad alcune funzionalita senza dover coprire con il dito lo schermo. - Gear S2 &egrave; lo Smartwatch che unisce in se?il design classico dell&apos;orologio con la tecnologia piu innovativa.                                ','http://hypetim.azurewebsites.net/images/device/1447324852_1_IMGbig_S2_446x369.png',379.90,'','','','39,9 x 43,6 x 11,4 mm','3,6 x 11,4 mm'),
	(128,'TV & Smart Living','Chromecast New','Google','TV con porta HDMI, Rete Wi-Fi, Computer o dispositivo mobile compatibile - Android - iOS - Windows 7 - Mac OS - HDMI-  - App dedicate-  - Risoluzione video massima in uscita 1080p - Alimentazione USB da 5 V- -  - Accedendo all&apos;App Chromecast trasmetti i contenuti che vedi sul tuo telefono o Tablet alla TV. - Per iniziare bastano tre semplici passaggi: collega, connetti e divertiti. - Scopri un mondo di contenuti disponibili in centinaia di App compatibili.                                ','http://hypetim.azurewebsites.net/images/device/1447325377_1_IMGbig_Chromecast_446x369.png',39.90,'iOS','','','51,9 x 51,9 x 13,49 mm','39.1 grammi'),
	(129,'TV & Smart Living','Gear S2 Sport','Samsung','Bluetooth 4.1 - App Gear Manager - Display 1,2 pollici?Circular Super AMOLED-  - Ghiera girevole in acciaio - Batteria 250 mAh - Rilevatore frequenza cardiaca - Certificazione IP68- -  - L&apos;interfaccia dello Smartwatch vive in un orologio di design, bello e comodo da portare al polso. - La scelta del cinturino in caucciu o in pelle lo rendono un accessorio stiloso. - La ghiera rotante permette di accedere ad alcune funzionalita senza dover coprire con il dito lo schermo.                                ','http://hypetim.azurewebsites.net/images/device/1447324052_1_IMGbig_S2_Sport_446x369.png',349.90,'','','','42,3 x 49,8 x 11,4 mm','9,8 x 11,4 mm'),
	(130,'TV & Smart Living','DHP-W311AV','D-LINK','Power Line HomePlug AV fino a 500 Mbps - Access Point Wi-Fi b/g/n @ 300 Mbps - Supporto Sicurezza Wi-Fi multistandard WEP, WPA e WPA2 - Crittografia AES a 128-bit per impedire intrusioni non autorizzate - 1 Porta Fast Ethernet @ 10/100 Mbps - QoS (Quality of Service) multimedia per migliore qualita video - Risparmio energetico - riduce del 70% il consumo quando non utilizzata - Controllo degli accessi su base identificativo fisico del PC                                ','http://hypetim.azurewebsites.net/images/device/1445520732_1_IMGbig_311AV_446x369.jpg',59.90,'','','','',''),
	(131,'TV & Smart Living','Pet','Sonqui','Android - iOS - App Sonqui Pet - GPS-  - Impostazione area di sicurezza - Localizzazione in tempo reale - App multi utente- -  - Puoi impostare un&apos;area di sicurezza, ed essere avvisato se il tuo cane o gatto esce al di fuori di essa. - Sonqui Pet &egrave; semplice da usare ed &egrave; multi utente. - Tramite il GPS, puoi visualizzare sul tuo Smartphone la posizione del tuo amico a 4 zampe con una precisione altissima.                                ','http://hypetim.azurewebsites.net/images/device/1447152534_1_IMGbig_sonqui_446x369-Recovered.png',99.90,'iOS','','','49 x 23 x 14 mm','x 14 mm'),
	(132,'TV & Smart Living','Solo 2 Wireless','Beats','olli Cavo RemoteTalk','http://hypetim.azurewebsites.net/images/device/1447086062_1_IMGbig_Beats_WIFI_446x369.png',279.90,'','','','',''),
	(133,'Tablet & PC','Tab 8','Wind','Connettivita 4G - Funzione di chiamata - Display 8 pollici 1280x800 pixel - Fotocamera da 5 Megapixel - SMS - MMS - Email - Android 5.1- -  - Processore quad-core dalle elevate prestazioni - Display da 8 pollici ultrabrillante - Ultra rapido grazie alla connessione 4G LTE fino a 150 Mbps                                ','http://hypetim.azurewebsites.net/images/device/1447151045_1_IMGbig_Wind_Tab8_446x369.png',169.00,'Android','','quad-core dalle elevate presta','209 x 124,9 x 8,3 mm','340 grammi'),
	(134,'Smartphone','LUMIA 950 XL','MICROSOFT','Connettivita 4G - Display 5.7&apos;&apos; Touchscreen - Fotocamera da 20 Megapixel - SMS - MMS - Email - Wi-Fi - Bluetooth - Windows Phone 10 - Memoria interna 32GB                                ','http://hypetim.azurewebsites.net/images/device/1447089368_1_IMGbig_950XL_446x369.png',699.90,'',' interna 32GB','','151,9 x 78,4 x 8,1 mm','165 grammi'),
	(135,'Smartphone','LUMIA 950','MICROSOFT','Connettivita 4G - Display 5.2 Touchscreen - Fotocamera da 20 Megapixel - SMS - MMS - Email - Wi-Fi - Bluetooth - Windows Phone 10 - Memoria interna 32GB- -  - Mai cosi potente: guarda il mondo su uno straordinario display Quad HD, - utilizza tranquillamente tutte le App e ricarica il tuo Lumia in un attimo grazie - alla ricarica rapida. - Immagini perfette: grazie al triplo flash LED naturale e il sensore da 20 MP - progettato per eliminare quasi completamente l&apos;effetto sfocato, scatterai foto straordinarie. - Grazie a un solo sistema operativo e un solo grande Store con App, giochi e musica, hai tutta la tua vita digitale sincronizzata su tutti i tuoi device.                                ','http://hypetim.azurewebsites.net/images/device/1447154088_1_IMGbig_950_446x369-Recovered.png',599.90,'',' interna 32GB','','145 x 73,2 x 8,3 mm','165 grammi'),
	(136,'Smartphone','Xperia Z5 Compact','Sony','Connettivita 4G - Display 4.6 Full HD TRILUMINOS - Fotocamera da 23 Megapixel - Processore Octa Core 64bit - Android 5.1.1 - Memoria interna 32GB- -  - Un telefono che ti riconosce : il pulsante di accensione di Xperia Z5 Compact &egrave; dotato di un sensore di impronte digitali integrato. - Xperia Z5 Compact integra le stesse tecnologie delle migliori macchine fotografiche digitali Sony. - Con Xperia Z5 Compact, avrai fino a due giorni di autonomia con una sola ricarica.                                ','http://hypetim.azurewebsites.net/images/device/1447322736_1_IMGbig_Z5_446x369.png',599.00,'Android',' interna 32GB','Octa Core 64bit','127 x 65 x 8,6mm','138 grammi'),
	(137,'Smartphone','LUMIA 550','MICROSOFT','Connettivita 4G - Display 4.7 Touchscreen - Fotocamera da 5 Megapixel - SMS - MMS - Email - Wi-Fi - Bluetooth - Windows Phone 10 - Memoria interna 8GB- -  - Con Windows 10 su Lumia 550, ritrovi tutti i servizi Microsoft che utilizzi normalmente sul tuo PC. - Cortana ti invia informazioni sul traffico, sul meteo e i promemoria dei tuoi impegni. - Lumia 550 ha una connessione 4G LTE super veloce e un processore quad-core Qualcomm','http://hypetim.azurewebsites.net/images/device/1449651212_1_IMGbig_Lumia550_446x369.png',139.90,'',' interna 8GB','','136,1 x 67,8 x 9,9 mm','141,9 grammi'),
	(138,'Smartphone','XPERIA Z5','SONY','Connettivita 4G - Display 5.2 Full HD TRILUMINOS - Fotocamera da 23 Megapixel - Processore Octa Core 64bit - Android 5.1.1 - Memoria interna 32GB- -  - Scatta al momento giusto con Xperia Z5. Grazie alla messa a fuoco automatica - ibrida lo smartphone con fotocamera migliore &egrave; veloce e preciso come non mai - Telaio in metallo con elementi incisi ad altissima precisione. - Una struttura semplice e levigata. E una parte posteriore in vetro satinato, piacevole al tatto e alla vista. - Grazie al design impermeabile e resistente alla polvere, Xperia Z5 non ha paura dell&apos;acqua.                                ','http://hypetim.azurewebsites.net/images/device/1447155976_1_IMGbig_Z5_446x369-Recovered.png',699.00,'Android',' interna 32GB','Octa Core 64bit','146 x 72 x 7,3 mm','156 grammi'),
	(139,'Smartphone','One A9','HTC','Connettivita 4G - Display 5 Full HD - Fotocamera da 13 Megapixel - SMS - MMS - Email - Android 6.0 - Memoria interna 16GB- -  - Scatta foto nitide grazie allo stabilizzatore ottico d&apos;immagini (OIS). - HTC One A9 dispone di un ampio schermo da 5 pollici?ad alta definizione, 1080p con efficienza energetica. - Connettiti alle tue attivita quotidiane piu velocemente con Android 6.0 Marshmallow.                                ','http://hypetim.azurewebsites.net/images/device/1447157206_1_IMGbig_A9_446x369-Recovered.png',649.00,'Android',' interna 16GB','','145,75 x 70,8 x 7,26 mm','143 grammi'),
	(140,'Smartphone','GO PLAY','ALCATEL','Connettivita 4G - Display 5 pollici?Touchscreen - Fotocamera da 8 Megapixel - SMS - MMS - Email - Android 5.0 - Memoria interna 8GB- -  - Super resistente a polvere, urti, acqua grazie alla certificazione IP67 - Cuffie stereo impermeabili - Design originale dalla scocca coloratissima - Connettivita performante grazie al 4G LTE                                ','http://hypetim.azurewebsites.net/images/device/1447235666_1_IMGbig_Alcatel_446x369.png',149.90,'Android',' interna 8GB','','143,3 x 73,3 x 9,2 mm','151 grammi'),
	(141,'Outlet','1052G','ALCATEL','GSM - Display 1.8 pollici - Fotocamera VGA - SMS - MMS-                                 ','http://hypetim.azurewebsites.net/images/device/1447236352_1_IMGbig_1052_446x369.png',19.90,'','','','108,5 x 44,8 x 13 mm','63 grammi'),
	(142,'TV & Smart Living','TV','Apple','Tecnologia wireless Bluetooth - Trasmettitore IR - Accelerometro e giroscopio - Connettore Lightning per la ricarica - Batteria ricaricabile; autonomia di diversi mesi per ogni ricarica- -  - La superficie Touch in vetro del nuovo telecomando &egrave; progettata per offrire un&apos;esperienza d&apos;uso fluida e precisa. - Le locandine dei film sono piu interattive grazie alla parallasse, un effetto ottico per cui sembrano prendere vita. - Apple TV reinventa il modo di interagire con la televisione.                                ','http://hypetim.azurewebsites.net/images/device/1448640417_1_IMGbig_Apple-TV_446x369.png',179.90,'','','','98 x 98 x 35 mm','425 grammi'),
	(143,'Smartphone','GALAXY A3 2016','SAMSUNG','Connettivita 4G - Display 4.7&apos;&apos; Touchscreen - Fotocamera da 13 Megapixel - Supporto NFC - SMS - MMS - Email - Android 5.1.1 - Memoria interna 16 GB-                                 ','http://hypetim.azurewebsites.net/images/device/1452508347_1_IMGbig_A3_446x369.png',299.90,'Android',' interna 16 GB','','134,5 x 65,1 x 6,9 mm','120 grammi'),
	(144,'Smartphone','PRIV','BLACKBERRY','Connettivita 4G - Tastiera QWERTY - Display 5.4&apos;&apos; Touchscreen - Fotocamera da 18 Megapixel - SMS - MMS - Email - Supporto NFC - Wi-Fi - Bluetooth - Sistema Operativo Android 5.1.1 - Memoria interna 32GB- -  - Design moderno ed innovativo con grande display full touch curved di 5.4&apos;&apos; tastiera estraibile QWERTY sensibile al tatto per una migliore esperienza d&apos;uso. - Sistema operativo Android con personalizzazione BlackBerry che offre funzioni innovative per un&apos;esperienza top di gamma. - Alte prestazioni della batteria di 3410mAh con quick charge system.                                ','http://hypetim.azurewebsites.net/images/device/1452507511_1_IMGbig_BBPriv_446x369.png',849.90,'Android',' interna 32GB','','147 x 77,2 x 9,4 mm','192 grammi'),
	(145,'Smartphone','GALAXY A5 2016','SAMSUNG','Connettivita 4G - Display 5.2&apos;&apos; - Fotocamera da 13 Megapixel - Supporto NFC - SMS - MMS - Email - Android 5.1.1 - Memoria interna 16 GB                                ','http://hypetim.azurewebsites.net/images/device/1461156853_1_IMGbig_A5_446x369.png',379.90,'Android',' interna 16 GB','','144,7 x 70,8 x 7,3 mm','145 grammi'),
	(146,'TV & Smart Living','Gear VR','Samsung','Giroscopio e sensore di prossimita - Accelerometro - Touchpad integrato - Design ergonomico- Compatibile con Galaxy S6, S6 edge, S6 edge+-                                 ','http://hypetim.azurewebsites.net/images/device/1458051948_1_1436781327_gear_446x369.png',129.90,'','','','92,6 x 201,9 x 116,4 mm',''),
	(147,'Smartphone','K4 4G','LG','Connettivita 4G - Display 4.5 pollici - Fotocamera da 5 Megapixel - Supporto NFC - SMS - MMS - Email - Android 5.1.1 - Memoria interna 8 GB                                ','http://hypetim.azurewebsites.net/images/device/1455546582_1_IMGbig_K4_446x369.png',12.00,'Android',' interna 8 GB','','131,9 x 66,7 x 8,9 mm','119 grammi'),
	(148,'Smartphone','K10 4G','LG','Connettivita 4G - Display 5.3&apos;&apos; - Fotocamera da 13 Megapixel - SMS - MMS - Email - Android 5.1.1 - Memoria interna 16 GB                                ','http://hypetim.azurewebsites.net/images/device/1455547116_1_IMGbig_K10_446x369.png',22.00,'Android',' interna 16 GB','','146,6 x 74,8 x 8,8 mm','142 grammi'),
	(149,'Smartphone','GALAXY J5','SAMSUNG','Connettivita 4G - Display 5&apos;&apos; - Fotocamera da 13 Megapixel - Supporto NFC - SMS - MMS - Email - Android 5.1.1 - Memoria interna 8 GB                                ','http://hypetim.azurewebsites.net/images/device/1455554627_1_IMGbig_J5_446x369.png',229.90,'Android',' interna 8 GB','','142,1 x 71,8 x 7,9 mm','146 grammi'),
	(150,'Smartphone','Lumia 650','Microsoft','Connettivita 4G - Display 5&apos;&apos; Touchscreen - Fotocamera da 8 Megapixel - SMS - MMS - Email - Wi-Fi - Bluetooth - Windows Phone 10 - Memoria interna 16 GB- -  - Design raffinato, prestazioni eccellenti e Windows 10 integrato. - Bordo in metallo tagliato a diamante veste elegantemente il grande display HD OLED da 5&apos;&apos; per un&apos;esperienza di visualizzazione nitida e brillante. - Scatta foto straordinarie grazie alla fotocamera da 8 MP e il flash LED integrato.                                ','http://hypetim.azurewebsites.net/images/device/1455706008_1_IMGbig_650_446x369.png',239.90,'',' interna 16 GB','','142 x 70,9 x 7,3 mm','122 grammi'),
	(151,'Smartphone','GALAXY S7','SAMSUNG','ttivita 4G- Display 5.1&apos;&apos;- Fotocamera da 12 Megapixel- SMS - MMS - Email- Android 6.0- Memoria interna 32GB- - Primo smartphone al mondo con fotocamera Dual Pixel: autofocus piu rapido per scattare fotografie piu nitide e definite.- Resistente all&apos;acqua e alla polvere. Non dovrete piu preoccuparvi di spruzzi o cadute accidentali in acqua.- Memoria interna da 32GB di Galaxy S7, espandibile fino a 200GB grazie alla microSD card- -                                 ','http://hypetim.azurewebsites.net/images/device/1457627805_1_IMGbig_S7_446x369.png',729.90,'Android',' interna 32GB','','142,4 x 69,6 x 7,9 mm','152 grammi'),
	(152,'Smartphone','GALAXY S7 EDGE','SAMSUNG','ttivita 4G- Display 5.5&apos;&apos; dual edge- Fotocamera da 12 Megapixel- SMS - MMS - Email- Android 6.0- Memoria interna 32GB- - Da vita a scatti panoramici tradizionalmente statici! Tutti gli oggetti in movimento rimangono vivi con l&apos;innovativa funzione Panorama in movimento- Il corpo di Galaxy S7 si adatta perfettamente alla vostra mano. Inoltre grazie al vetro curvo 3D &egrave; possibile garantire una presa comoda e sicura.- Puoi continuare a rimanere aggiornato con informazioni utili quando lo schermo &egrave; spento con la funzione Always On Display- -                                 ','http://hypetim.azurewebsites.net/images/device/1457628000_1_IMGbig_S7e_446x369.png',829.90,'Android',' interna 32GB','','150,9 x 72,6 x 7,7 mm','157 grammi'),
	(153,'Smartphone','G5','LG','ttivita 4G- Display 5.3 pollici- Fotocamera da 16 Megapixel- Processore QuadCore 2.1 GHz- Android 6.0- Memoria interna 32GB- - Il primo con doppio obiettivo grandangolare: scatta foto ultra-dettagliate oppure cattura tutto il panorama con l&apos;obiettivo da 135?.- L&apos;unico con corpo in metallo e batteria rimovibile: sostituisci la batteria al volo per essere sempre carico.- L&apos;unico con design Modulare: espandi le funzionalita di LG G5 con nuovi moduli per la fotocamera e per l&apos;audio Hi-Fi.- -                                 ','http://hypetim.azurewebsites.net/images/device/1457973081_1_1436781327_LGG5_446x369.png',69.00,'Android',' interna 32GB','QuadCore 2.1 GHz','149,4 x 73,9 x 7,3 mm','159 grammi'),
	(154,'TV & Smart Living','Charge','Fitbit','id - iOS - Windows Phone- Bluetooth 4.0- App Fitbit- Resistenza all&apos;acqua a 1 ATM- Bluetooth- Cavo USB- Fino a 5 giorni- - Un braccialetto avanzato per fare meglio ogni giorno.- Ideale per monitorare le proprie attivita ogni giorno, per portare il benessere a un livello successivo.- Fitbit Charge conta i passi compiuti, la distanza percorsa e i piani affrontati e ti avvisa di chiamate in entrata.-                                 ','http://hypetim.azurewebsites.net/images/device/1457972609_1_1436781327_FitBit_446x369.png',129.90,'iOS','','','',''),
	(155,'TV & Smart Living','Blaze','Fitbit',' - Android -?iOS -?Windows Phone - Bluetooth 4.0 - App Fitbit - Resistente agli spruzzi-  - Bluetooth- - Migliora il tuo allenamento con un controllo continuo del battito cardiaco e margini - semplificati, tutto senza indossare una scomoda fascia toracica. - Collega Fitbit Blaze al GPS sul telefono per tracciare le mappe dei tuoi percorsi e visualizzare le statistiche della corsa, come velocita e tempi. - Avvia un esercizio FitStar sul tuo rilevatore e ottieni istruzioni dettagliate e coaching - direttamente sul polso.                                ','http://hypetim.azurewebsites.net/images/device/1460987342_1_IMGbig_Blaze_446x369.png',229.90,'iOS','','','',''),
	(156,'TV & Smart Living','Alta','Fitbit','Android -?iOS -?Windows Phone - Bluetooth 4.0 - App Fitbit - Resistente agli spruzzi - Bluetooth-  - -  - Fitbit Alta','http://hypetim.azurewebsites.net/images/device/1460987647_1_IMGbig_Alta_446x369.png',139.90,'iOS','','','',''),
	(157,'Tablet & PC','iPad Pro','Apple','Display Retina HD Multi-Touch retroilluminato LED da 9.7&apos;&apos; - Fotocamera iSight da 12 Megapixel - Registrazione video 4K a 30 fps - Sensore di impronte digitali integrato nel tasto Home - Chip A9X con architettura a 64 bit - Capacita 128 GB - Sistema operativo iOS9- -  - Potenza che surclassa la maggior parte dei PC portatili, e trasforma anche i lavori piu complessi in gesti semplici e immediati. - Il display dell&apos;iPad Pro da 9,7&apos;&apos; usa lo stesso spazio colore utilizzato nel mondo del cinema digitale: fino al 25% di saturazione in piu rispetto ai precedenti modelli di iPad. - Rivoluzionario nelle performance, il chip A9X ha anche un&apos;architettura iperefficiente: la batteria dura fino a 10 ore.                                ','http://hypetim.azurewebsites.net/images/device/1460988300_1_IMGbig_iPad_Pro_446x369.png',999.99,'iOS','','','240 x 169,5 x 6,1 mm','444 grammi'),
	(158,'Smartphone','iPhone SE 16GB','Apple','Display Retina HD Multi-Touch widescreen retroilluminato LED da 4&apos;&apos; - Fotocamera iSight da 12 Megapixel - Registrazione video 4K a 30 fps - Sensore di impronte digitali integrato nel tasto Home - Chip A9 con architettura a 64 bit - Capacita 16 GB - Sistema operativo iOS9- -  - Leggero e compatto, disegnato per stare comodamente in mano e risultare piacevole al tatto, grazie alla finitura satinata del guscio in alluminio microsabbiato. - Display Retina da 4&apos;&apos; che rende le immagini piu nitide e brillanti. - Fotocamera iSight da 12 Megapixel per foto supernitide e dettagliate proprio come con iPhone 6s; video a 4K, con una risoluzione fino a quattro volte piu alta dell&apos;HD.                                ','http://hypetim.azurewebsites.net/images/device/1460990331_1_IMGbig_iPhone_SE_446x369.png',509.90,'iOS','','','123,8 x 58,6 x 7,6 mm','113 grammi'),
	(159,'Smartphone','P9','Huawei','Connettivita 4G - Display 5.2&apos;&apos; - Fotocamera da 12 Megapixel - Processore OctaCore (4x2.5 GHz + 4x1.8 GHz) - Memoria interna da 32 GB - Android M 6.0- -  - Connubio perfetto tra hardware e software grazie alla doppia fotocamera Leica, - cattura immagini di assoluta qualita. - Design con linee dal forte impatto visivo, caratterizzato da spigoli tagliati a diamante e arrotondati a regola d&apos;arte. - Display IPS Full HD da 5.2&apos;&apos; con una resa cromatica del 96%.                                ','http://hypetim.azurewebsites.net/images/device/1460989181_1_IMGbig_P9_446x369.png',599.90,'Android',' interna da 32 GB','OctaCore (4x2.5 GHz + 4x1.8 GH','145 x 70,9 x 6,9 mm','144 grammi'),
	(160,'Smartphone','GALAXY J1 2016','SAMSUNG','Connettivita 4G - Display 4.5&apos;&apos; - Fotocamera da 5 Megapixel - SMS - MMS - Email - Android 5.1.1 - Memoria interna 8 GB-                                 ','http://hypetim.azurewebsites.net/images/device/1460990813_1_IMGbig_J1_446x369.png',159.90,'Android',' interna 8 GB','','132,6 x 69,3 x 8,9 mm','131 grammi'),
	(161,'Smartphone','GALAXY J3 2016','SAMSUNG','Connettivita 4G - Display 5&apos;&apos; - Fotocamera da 8 Megapixel - SMS - MMS - Email - Android 5.1.1 - Memoria interna 8 GB- -  - Cornice di solo 4,56 mm e ampio schermo frontale HD superAMOLED da ben 5.0&apos;&apos;: - vivi un&apos;esperienza visiva di livello superiore - Processore Quad Core da 1.5 Ghz e 1,5 GB di RAM, per potenti prestazioni e massima fluidita. - Usa il telefono ancora piu a lungo grazie alla nuova batteria ottimizzata da 2600 mAh                                ','http://hypetim.azurewebsites.net/images/device/1460991396_1_IMGbig_J3_446x369.png',189.90,'Android',' interna 8 GB','Quad Core da 1.5 Ghz e 1,5 GB ','142,3 x 71 x 7,9 mm','138 grammi'),
	(162,'TV & Smart Living','Xbox Pack','Microsoft','La console con controller all&apos;avanguardia. - Il processore ad 8 core consente l&apos;instant switching tra il gioco e le applicazioni web - 8 GB di RAM e nuovo hard disk da 1 TB garantiscono un ampio spazio di memorizzazione per giochi, film e tanto altro. - Grazie al lettore Blu-ray puoi goderti i tuoi giochi e i tuoi film con l&apos;eccezionale risoluzione HD. - -  - Il piu vasto assortimento di videogiochi della storia di Xbox. - L&apos;unica console su cui puoi divertirti con tutti i giochi EA prima del loro lancio, con EA Access. - La console con il piu avanzato multiplayer per te e i tuoi amici. - L&apos;unica console che ti permette di riprodurre i giochi di Xbox One in streaming su un PC o un Tablet con Windows 10 a casa tua.                                ','http://hypetim.azurewebsites.net/images/device/1462791585_1_XBox-446x369.png',449.00,'','','','',''),
	(163,'Outlet','2012G','ALCATEL','GSM Quadriband - Display 2.8&apos;&apos; - Fotocamera da 3 Megapixel - SMS - MMS-                                 ','http://hypetim.azurewebsites.net/images/device/1462792059_1_Alcatel-2012G-446x369.png',44.90,'','','','107 x 53,7 x 14 mm','95 grammi'),
	(164,'Smartphone','P9 lite','HUAWEI','Connettivita 4G - Display 5.2&apos;&apos; - Fotocamera da 13 Megapixel - Processore OctaCore (QuadCore 2.0 GHz & QuadCore 1.7 GHz) - Memoria interna da 16 GB - Android M 6.0-                                 ','http://hypetim.azurewebsites.net/images/device/1462798056_1_Huawei-P9-Lite-446x369.png',299.90,'Android',' interna da 16 GB','OctaCore (QuadCore 2.0 GHz & Q','146,8 x 72,6 x 7,5 mm','143 grammi'),
	(165,'Smartphone','P9 PLUS','HUAWEI','Connettivita 4G - Display 5.5&apos;&apos; - Dual Camera da 12 Megapixel con ottica Leica - Processore OctaCore (QuadCore 2.5 GHz & QuadCore 1.8 GHz) - Memoria interna da 64 GB - Android M 6.0- - Leica Dual Camera, piu luce e maggiore nitidezza per foto e video di alta qualita- \r\nLunga durata della batteria da 3400 mAh a ricarica veloce- \r\nInterazione avanzata con Fingerprint 2.0, Knuckle Sense 2.0 e Press Touch- \r\nPrestazioni superiori grazie al processore Octa-Core Kirin 955 e 4 GB RAM                                ','http://hypetim.azurewebsites.net/images/device/1462798830_1_Huawei-P9-Plus-446x369.png',749.90,'Android',' interna da 64 GB','OctaCore (QuadCore 2.5 GHz & Q','152,3 x 75,3 x 6,9 mm','162 grammi'),
	(166,'Smartphone','Smart','WIND','Connettivita 4G - Display 5&apos;&apos; - Fotocamera da 8 Megapixel - SMS - MMS - Email - Android 6.0 - Memoria interna 8 GB- -  - Il primo Smartphone pensato e scelto appositamente per te da Wind! - Con un grande display da 5&apos;&apos; e la velocita della rete a 4G, hai alte prestazioni ad un prezzo contenuto! - Con la fotocamera da 8 MP fai foto in alta definizione!                                ','http://hypetim.azurewebsites.net/images/device/1462799790_1_Wind-Smart-446x369.png',99.90,'Android',' interna 8 GB','','140,7 x 72,5 x 9,5 mm','196 grammi'),
	(167,'Smartphone','Xperia X','Sony','Connettivita 4G - Display 5&apos;&apos; - Fotocamera da 23 Megapixel - Processore Hexa Core 1.8 GHz - Android 6.0 - Memoria interna 32 GB- -  - La fotocamera super smart in grado di predire i movimenti per immagini ancora piu nitide. - La batteria di Xperia X &egrave; in grado di resistere fino a due giorni e non perde capacita. - La parte posteriore in metallo perfettamente levigata, bordi arrotondati e l&apos;inimitabile display da 5&apos;&apos;                                ','http://hypetim.azurewebsites.net/images/device/1463747797_1_Xperia-X-446x369.png',629.00,'Android',' interna 32 GB','Hexa Core 1.8 GHz','142,7 x 69,4 x 7,9 mm','153 grammi'),
	(168,'TV & Smart Living','Welcome','Netatmo','App dedicata per la visione da remoto - Ampio campo visivo grazie al grandangolo da 130? - Rivoluzionaria tecnologia di riconoscimento facciale- -  - Ricevi un avviso quando i tuoi cari sono a casa. La videocamera di sicurezza ti avvisa anche quando rileva un estraneo. - Quando Welcome rileva un allarme, invia una notifica e registra un Video. - Una telecamera straordinaria, un design minimalista.                                ','http://hypetim.azurewebsites.net/images/device/1463405835_1_Netatmo-446x369.png',199.90,'','','','45 x 45 x 155 mm',''),
	(169,'Smartphone','Xperia XA','Sony','ttivita 4G- \r\nDisplay 5&apos;&apos;- \r\nFotocamera da 13 Megapixel- \r\nProcessore Hexa Core 1.8 GHz- \r\nAndroid 6.0- \r\nMemoria interna 32 GB- \r\nUno straordinario display che si estende per l&apos;intera larghezza del telefono- \r\nDotato di messa a fuoco automatica ibrida per permetterti di fermare l&apos;azione e immortalarla senza sfocature- \r\nCon la rivoluzionaria batteria di Xperia XA, avrai fino a due giorni di autonomia con una sola ricarica                                ','http://hypetim.azurewebsites.net/images/device/1465461369_1_Sony-Xperia-XA-White-390x420-Immagine1.png',299.00,'Android',' interna 32 GB','Hexa Core 1.8 GHz','143,6 x 66,8 x 7,9 mm','138,8 grammi'),
	(170,'Smartphone','Galaxy J7 (2016)','Samsung','\r\n					 -  - Connettivit&agrave; 4G-  - Display 5.5&apos;&apos;-  - Fotocamera da 13 Megapixel-  - Supporto NFC-  - SMS - MMS - Email-  - Android 6.0-  - Memoria interna 16 GB -  - Garantisce la massima ergonomia ed un&apos;esperienza visiva da primo della classe-  - Visualizza immagini incredibilmente luminose e scatta foto in qualsiasi condizione di luce-  - Grazie al FlashLED frontale potrai scattare selfie perfetti\r\n				                                ','http://hypetim.azurewebsites.net/images/device/1465830005_1_Samsung-J7-Black-390x420-Immagine1.png',299.90,'Android',' interna 16 GB ','','151,7 x 76 x 7,8 mm','169 grammi'),
	(171,'Smartphone','8031','Doro','Connettivit&egrave; 4G-  - Display 4.5&apos;&apos;-  - Fotocamera da 5 Megapixel-  - SMS - MMS - Email-  - Memoria interna da 8 GB-  - Icone e testo ampi e chiari e guida all&apos;utilizzo integrata-  - Gestione da remoto mediante l&apos;App My Doro Manager-  - Tasto di assistenza                                ','http://hypetim.azurewebsites.net/images/device/1465838380_1_Doro-8031-Black-390x420-Immagine1.png',179.00,'',' interna da 8 GB','','137 x 71 x 10,1 mm','144 grammi'),
	(172,'Smartphone','Pixi4 4','Alcatel','Connettivit&agrave; 3G-  - Display 4&apos;&apos;-  - Fotocamera da 2 Megapixel-  - SMS - MMS - Email-  - Android Marshmallow 6.0-  - Memoria interna 4GB                                ','http://hypetim.azurewebsites.net/images/device/1465840519_1_Alcatel-Pixi-4-Black-390x420-Immagine1.png',59.90,'Android',' interna 4GB','','121.3 x 64.4 x 9.9 mm','118 grammi'),
	(173,'Tablet & PC','Galaxy Tab A (2016)','Samsung','Connettivit&agrave; 4G -  - Display da 10.1&apos;&apos; - 1920 x 1200 pixel -  - Fotocamera da 8 Megapixel-  - Funzione Chiamata-  - Wi-Fi - Bluetooth-  - Memoria interna da 16GB-  - Android M 6.0                                ','http://hypetim.azurewebsites.net/images/device/1465890421_1_Samsung-Tab-A-2016-White-390x420-Immagine1.png',349.90,'Android',' interna da 16GB','','254,2 x 155,3 x 8,2 mm','525 grammi'),
	(174,'TV & Smart Living','Shine 2','Misfit','Android - iOS -  - Bluetooth 4.0-  - App Misfit-  - Pi&ugrave; sottile, pi&ugrave;?forte, pi&ugrave;?intelligente-  - Il sensore fitness pi&ugrave;?avanzato-  - Ti aiuta sempre a ottenere il massimo dai tuoi allenamenti-  - Controlla tutto il mondo con un semplice tap                                ','http://hypetim.azurewebsites.net/images/device/1465892015_1_Misfit-Shine-2-Black-390x420-Immagine1.png',109.90,'iOS','','','',''),
	(175,'TV & Smart Living','Roll 2','UE','Bluetooth-  - 9 ore in uso continuativo-  - Associazione con un massimo di 8 dispositivi-  - Raggio d&apos;azione di riproduzione fino a 30 metri-  - Massimo livello sonoro 86 dBA-  - Suono stupendo, imponente e audace-  - Resistente all&apos;acqua per un massimo di 30 minuti a 1 metro di profondita-  - Durata della batteria di 9 ore e raggio d&apos;azione wireless di 30 m                                ','http://hypetim.azurewebsites.net/images/device/1465897600_1_UE-Roll-2-Black-390x420-Immagine1.png',12.00,'','','','14,84 x 14,86 x 5,48 mm','463 grammi'),
	(176,'TV & Smart Living','DCS-8200LH','D-Link','App dedicata per la visione da remoto-  - Riproduzione HD con visione notturna ad infrarossi-  - Visione panoramica a 180 gradi;-  - Cosa succede a casa tua mentre sei fuori? Con la DCS-8200LH lo scopri...a 180 gradi!-  - La prima videocamera Wi-Fi panoramica in grado di inquadrare l&apos;intera stanza a 180 gradi con tecnologia antideformazione-  - Facile da configurare, ancora piu?facile da usare grazie al controllo remoto tramite l&apos;App MyDlink Home                                ','http://hypetim.azurewebsites.net/images/device/1465895452_1_D-link-820-white-390x420-Immagine1.png',169.90,'','','','95,8 x 95,8 x 137,5 mm','165 grammi'),
	(177,'TV & Smart Living','Gear 360','Samsung','Due obiettivi con un campo visivo di 180 gradi-  - Design sferico e aerodinamico; resistenza alla polvere e agli spruzzi- ? - Visuale a 360 gradi ricca e completa; brillante, nitida e frizzante anche con poca luce -  - Design ottimizzato per la liberta di movimento; facile da usare in ambienti chiusi e all&apos;aperto- ? - Gear 360 cattura immagini nitide da tutte le angolazioni, senza perderne nemmeno una                                ','http://hypetim.azurewebsites.net/images/device/1465892722_1_Samsung-Gear-360-White-390x420-Immagine1.png',359.90,'','','','56,3 x 66,7 x 60,1 mm','152 grammi');

/*!40000 ALTER TABLE `device` ENABLE KEYS */;
UNLOCK TABLES;


# Dump of table devicecategory
# ------------------------------------------------------------

DROP TABLE IF EXISTS `devicecategory`;

CREATE TABLE `devicecategory` (
  `ID` int(11) NOT NULL,
  `Name` varchar(20) DEFAULT NULL,
  PRIMARY KEY (`ID`),
  UNIQUE KEY `ID` (`ID`),
  KEY `ID_2` (`ID`)
) ENGINE=InnoDB DEFAULT CHARSET=utf8;

LOCK TABLES `devicecategory` WRITE;
/*!40000 ALTER TABLE `devicecategory` DISABLE KEYS */;

INSERT INTO `devicecategory` (`ID`, `Name`)
VALUES
	(0,'Smartphone'),
	(1,'Tablet & PC'),
	(2,'Modem & Networking'),
	(3,'TV & Smart Living'),
	(4,'Outlet');

/*!40000 ALTER TABLE `devicecategory` ENABLE KEYS */;
UNLOCK TABLES;


# Dump of table devicesforsmartlifeservice
# ------------------------------------------------------------

DROP TABLE IF EXISTS `devicesforsmartlifeservice`;

CREATE TABLE `devicesforsmartlifeservice` (
  `devicesForSmartLifeServiceID` varchar(50) NOT NULL DEFAULT '',
  `smartLifeServiceID` varchar(50) DEFAULT NULL,
  `deviceID` varchar(50) DEFAULT NULL,
  PRIMARY KEY (`devicesForSmartLifeServiceID`)
) ENGINE=InnoDB DEFAULT CHARSET=utf8;

LOCK TABLES `devicesforsmartlifeservice` WRITE;
/*!40000 ALTER TABLE `devicesforsmartlifeservice` DISABLE KEYS */;

INSERT INTO `devicesforsmartlifeservice` (`devicesForSmartLifeServiceID`, `smartLifeServiceID`, `deviceID`)
VALUES
	('0','1','2'),
	('1','2','2'),
	('2','3','4');

/*!40000 ALTER TABLE `devicesforsmartlifeservice` ENABLE KEYS */;
UNLOCK TABLES;


# Dump of table promotions
# ------------------------------------------------------------

DROP TABLE IF EXISTS `promotions`;

CREATE TABLE `promotions` (
  `ID` varchar(50) DEFAULT NULL,
  `Type` varchar(50) DEFAULT NULL,
  `PromotionID` varchar(50) DEFAULT NULL
) ENGINE=InnoDB DEFAULT CHARSET=utf8;

LOCK TABLES `promotions` WRITE;
/*!40000 ALTER TABLE `promotions` DISABLE KEYS */;

INSERT INTO `promotions` (`ID`, `Type`, `PromotionID`)
VALUES
	('1','SmartLifeService','1'),
	('2','SmartLifeService','2'),
	('3','AssistanceService','2'),
	('4','SmartLifeService','3'),
	('5','Device','1'),
	('6','Device','10'),
	('7','SmartLifeService','5');

/*!40000 ALTER TABLE `promotions` ENABLE KEYS */;
UNLOCK TABLES;


# Dump of table servicesfordevice
# ------------------------------------------------------------

DROP TABLE IF EXISTS `servicesfordevice`;

CREATE TABLE `servicesfordevice` (
  `DevServ_ID` varchar(50) NOT NULL,
  `Device_ID` varchar(50) DEFAULT NULL,
  `Service_type` varchar(50) DEFAULT NULL,
  `Service_ID` varchar(50) DEFAULT NULL,
  PRIMARY KEY (`DevServ_ID`)
) ENGINE=InnoDB DEFAULT CHARSET=utf8;

LOCK TABLES `servicesfordevice` WRITE;
/*!40000 ALTER TABLE `servicesfordevice` DISABLE KEYS */;

INSERT INTO `servicesfordevice` (`DevServ_ID`, `Device_ID`, `Service_type`, `Service_ID`)
VALUES
	('0','Smartphone','Assistance','1'),
	('1','Modem & Networking','Assistance','2'),
	('2','TV & Smart Living','Assistance','2'),
	('3','Outlet','Assistance','1'),
	('4','Smartphone','Assistance','2'),
	('5','TV & Smart Living','Smartlife','1'),
	('6','Smartphone','Smartlife','1'),
	('7','Smartphone','Smartlife','2');

/*!40000 ALTER TABLE `servicesfordevice` ENABLE KEYS */;
UNLOCK TABLES;


# Dump of table smartlifeservice
# ------------------------------------------------------------

DROP TABLE IF EXISTS `smartlifeservice`;

CREATE TABLE `smartlifeservice` (
  `ID` varchar(50) DEFAULT NULL,
  `Name` varchar(50) DEFAULT NULL,
  `Description` text,
  `Abstract` text NOT NULL,
  `Benefits` text,
  `ComeRichiederla` text,
  `Image` text,
  `Price` varchar(50) DEFAULT NULL,
  `Category` varchar(50) DEFAULT NULL
) ENGINE=InnoDB DEFAULT CHARSET=utf8;

LOCK TABLES `smartlifeservice` WRITE;
/*!40000 ALTER TABLE `smartlifeservice` DISABLE KEYS */;

INSERT INTO `smartlifeservice` (`ID`, `Name`, `Description`, `Abstract`, `Benefits`, `ComeRichiederla`, `Image`, `Price`, `Category`)
VALUES
	('1','Tim Vision','Cartoni, cinema, serie tv, documentari e concerti sempre on demand per creare il tuo palinsesto senza pubblicità. Più di 8.000 titoli in un abbonamento, senza vincoli di durata, anche in HD.','','Serie tv, cartoni, film e documentari sempre on demand per creare il tuo palinsesto senza interruzioni pubblicitarie.','Se scegli l’offerta TIM SMART, il decoder è disponibile a noleggio al costo di 2€/mese.','http://hypetim.azurewebsites.net/images/smartlife_services/vision.png\n','5€/Month','1'),
	('2','TIM Sky','Internet ultraveloce fino a 100 MEGA, chiamate da fisso e da mobile, Sky senza parabola. Da 39,90€/mese','','C’è un nuovo modo per avere Sky. Basta collegare My Sky alla Fibra o ADSL veloce. Senza installare la parabola.','Tutti i prezzi sono IVA inclusa.','http://hypetim.azurewebsites.net/images/smartlife_services/sky.png\n','15€/Month','1'),
	('3','WellUp','L\'idea è quella di sviluppare una serie di contenuti fruibili sulla Intranet aziendale del Gruppo Telecom Italia a cui i dipendenti possano accedere per reperire informazioni su salute e prevenzione, utili per sé e per tutta la famiglia. ','','Un\'app gratuita disponibile per le piattaforme iOS e android sviluppata come fosse un diario personale,','tramite Form Online','http://hypetim.azurewebsites.net/images/smartlife_services/health.png\n','13€/Month','2'),
	('4','TIM Home Connect','La soluzione ideale per gestire tutti i sistemi di domotica presenti nella tua casa, dalla semplice caldaia domestica, ai sistemi di protezione della casa, ai più avanzati sistemi di monitoraggio. ','','TIM Home Connect è l’offerta pensata per essere utilizzata nei dispositivi di domotica presenti nella casa, la cui gestione prevede l\'uso di una SIM','Se sei già in possesso di una TIM Card, direttamente online cliccando sul tasto ATTIVA','http://hypetim.azurewebsites.net/images/smartlife_services/home.png\n','5€/Month','3'),
	('5','Tim Wallet','Con TIM Wallet puoi utilizzare il tuo smartphone per pagare in tutti i negozi abilitati ','','I dati della tua carta di credito o prepagata sono memorizzati in modo confidenziale e protetto sulla TIM Card ','er utilizzare in pieno tutti i servizi offerti da TIM Wallet ti suggeriamo di utilizzare una TIM Card NFC. Richiedi il cambio carta in un Negozio TIM, oppure diventa un cliente TIM acquistandone una nuova! Ricorda, il servizio di pagamenti è disponibile solo per le TIM Card NFC. ','http://hypetim.azurewebsites.net/images/smartlife_services/wallet.png\n','1€/Month','4');

/*!40000 ALTER TABLE `smartlifeservice` ENABLE KEYS */;
UNLOCK TABLES;


# Dump of table smartlifeservicecategory
# ------------------------------------------------------------

DROP TABLE IF EXISTS `smartlifeservicecategory`;

CREATE TABLE `smartlifeservicecategory` (
  `ID` varchar(50) DEFAULT NULL,
  `Name` varchar(50) DEFAULT NULL
) ENGINE=InnoDB DEFAULT CHARSET=utf8;

LOCK TABLES `smartlifeservicecategory` WRITE;
/*!40000 ALTER TABLE `smartlifeservicecategory` DISABLE KEYS */;

INSERT INTO `smartlifeservicecategory` (`ID`, `Name`)
VALUES
	('1','TV & Entertainment'),
	('2','Health'),
	('3','Home'),
	('4','Person');

/*!40000 ALTER TABLE `smartlifeservicecategory` ENABLE KEYS */;
UNLOCK TABLES;



/*!40111 SET SQL_NOTES=@OLD_SQL_NOTES */;
/*!40101 SET SQL_MODE=@OLD_SQL_MODE */;
/*!40014 SET FOREIGN_KEY_CHECKS=@OLD_FOREIGN_KEY_CHECKS */;
/*!40101 SET CHARACTER_SET_CLIENT=@OLD_CHARACTER_SET_CLIENT */;
/*!40101 SET CHARACTER_SET_RESULTS=@OLD_CHARACTER_SET_RESULTS */;
/*!40101 SET COLLATION_CONNECTION=@OLD_COLLATION_CONNECTION */;
